,Adview
0,27.0
1,27066.0
2,4.0
3,11.0
4,1.0
5,1.0
6,1.0
7,1.0
8,79.0
9,4.0
10,15.0
11,1.0
12,262.0
13,1.0
14,1.0
15,2.0
16,2.0
17,18.0
18,1.0
19,14.0
20,2.0
21,2469.0
22,5.0
23,2.0
24,1.0
25,15.0
26,2.0
27,12.0
28,2.0
29,7.0
30,25.0
31,505.0
32,2.0
33,1.0
34,1.0
35,107.0
36,1.0
37,1.0
38,7.0
39,21.0
40,2.0
41,1.0
42,2.0
43,2.0
44,8.0
45,55.0
46,14.0
47,107.0
48,12.0
49,1.0
50,1.0
51,1.0
52,1.0
53,8.0
54,8.0
55,1.0
56,3.0
57,1.0
58,1.0
59,22.0
60,4.0
61,4.0
62,4.0
63,5.0
64,2.0
65,3008.0
66,417.0
67,36.0
68,1.0
69,622.0
70,1.0
71,7.0
72,4.0
73,97.0
74,18.0
75,1.0
76,4.0
77,1.0
78,1.0
79,8.0
80,1.0
81,1.0
82,1.0
83,12.0
84,51.0
85,1.0
86,4.0
87,11.0
88,24.0
89,3.0
90,1.0
91,6.0
92,1.0
93,1.0
94,182.0
95,2.0
96,1.0
97,2.0
98,1.0
99,1.0
100,3.0
101,2469.0
102,107.0
103,3.0
104,5.0
105,10997.0
106,21.0
107,2.0
108,15.0
109,124.0
110,4.0
111,2.0
112,2.0
113,2.0
114,35894.0
115,5.0
116,1.0
117,292.0
118,673.0
119,47.0
120,37185.0
121,2.0
122,1.0
123,1.0
124,15.0
125,15.0
126,13.0
127,4.0
128,1.0
129,25.0
130,1.0
131,7.0
132,12249.0
133,1.0
134,1.0
135,9.0
136,1.0
137,1.0
138,6.0
139,13.0
140,4.0
141,16326.0
142,4.0
143,1.0
144,1.0
145,1.0
146,1.0
147,7.0
148,1.0
149,3.0
150,53.0
151,14.0
152,1.0
153,107.0
154,1.0
155,1.0
156,4.0
157,1.0
158,871.0
159,97.0
160,2.0
161,4.0
162,2.0
163,1.0
164,4.0
165,1.0
166,1.0
167,2.0
168,12.0
169,1.0
170,1.0
171,9936.0
172,2.0
173,190.0
174,1.0
175,93.0
176,1.0
177,37.0
178,10651.0
179,1.0
180,1.0
181,5.0
182,5949.0
183,1.0
184,1.0
185,73.0
186,1.0
187,3.0
188,304244.0
189,16.0
190,3.0
191,2.0
192,1.0
193,1.0
194,1.0
195,1.0
196,2.0
197,53.0
198,2.0
199,6.0
200,5.0
201,39.0
202,1.0
203,1.0
204,21.0
205,1.0
206,120.0
207,3.0
208,1.0
209,1.0
210,8.0
211,1.0
212,12.0
213,1.0
214,3.0
215,1.0
216,2.0
217,1.0
218,93.0
219,5.0
220,2.0
221,27.0
222,2877.0
223,48626.0
224,1.0
225,4909.0
226,1.0
227,13.0
228,2.0
229,2.0
230,1.0
231,1.0
232,2.0
233,18.0
234,125.0
235,33.0
236,2.0
237,2578.0
238,1.0
239,1.0
240,1.0
241,1.0
242,20.0
243,306.0
244,124.0
245,2.0
246,2.0
247,14.0
248,2.0
249,1.0
250,1.0
251,1.0
252,6.0
253,8.0
254,1.0
255,1.0
256,119.0
257,2.0
258,21.0
259,1.0
260,673.0
261,2.0
262,15.0
263,3.0
264,14.0
265,7.0
266,4.0
267,4.0
268,1.0
269,1.0
270,1.0
271,1.0
272,1.0
273,1.0
274,124.0
275,1.0
276,1.0
277,1.0
278,1.0
279,1.0
280,1.0
281,4.0
282,33.0
283,24.0
284,1.0
285,1.0
286,5.0
287,3.0
288,6.0
289,13.0
290,1.0
291,22.0
292,8.0
293,1.0
294,1.0
295,1.0
296,1.0
297,1246.0
298,1.0
299,10651.0
300,1.0
301,2.0
302,160.0
303,3.0
304,2.0
305,21.0
306,1346.0
307,1.0
308,1.0
309,4.0
310,1.0
311,2.0
312,26.0
313,4.0
314,1.0
315,1.0
316,1.0
317,4.0
318,1.0
319,31.0
320,12.0
321,6.0
322,1.0
323,3.0
324,2.0
325,60.0
326,1.0
327,24.0
328,8.0
329,1.0
330,3.0
331,12.0
332,3.0
333,1.0
334,1.0
335,1.0
336,1.0
337,13.0
338,2.0
339,1.0
340,26.0
341,12.0
342,11.0
343,1.0
344,1.0
345,2.0
346,1.0
347,1.0
348,505.0
349,3.0
350,4.0
351,1.0
352,9334.0
353,1.0
354,1.0
355,4.0
356,150.0
357,2.0
358,1.0
359,1.0
360,7208.0
361,1.0
362,3.0
363,9972.0
364,8351.0
365,2.0
366,3.0
367,1.0
368,13.0
369,2.0
370,1.0
371,1.0
372,1.0
373,4.0
374,1.0
375,33.0
376,2.0
377,1.0
378,1.0
379,1.0
380,70069.0
381,1.0
382,6.0
383,1.0
384,163.0
385,7.0
386,45.0
387,2.0
388,1.0
389,12.0
390,8.0
391,8.0
392,21.0
393,1.0
394,26.0
395,2.0
396,2.0
397,13.0
398,5.0
399,3.0
400,1.0
401,14.0
402,9348.0
403,6.0
404,1.0
405,3.0
406,2.0
407,4.0
408,1.0
409,37.0
410,21.0
411,1.0
412,3.0
413,3.0
414,19.0
415,1.0
416,1.0
417,4.0
418,5.0
419,5.0
420,3.0
421,9.0
422,1.0
423,9.0
424,2.0
425,1.0
426,1.0
427,377.0
428,3.0
429,12.0
430,1.0
431,11.0
432,93.0
433,3.0
434,2.0
435,6.0
436,4.0
437,7904.0
438,21767.0
439,4.0
440,107030.0
441,3.0
442,5.0
443,1.0
444,1.0
445,6.0
446,68.0
447,3.0
448,12.0
449,1.0
450,2469.0
451,1.0
452,1.0
453,1.0
454,15.0
455,503.0
456,4.0
457,2.0
458,1.0
459,1.0
460,1.0
461,2.0
462,1.0
463,1.0
464,22.0
465,19.0
466,1.0
467,36.0
468,5.0
469,1.0
470,1.0
471,62455.0
472,1.0
473,3.0
474,13.0
475,1.0
476,2.0
477,2.0
478,4245.0
479,2.0
480,1.0
481,1.0
482,1.0
483,723.0
484,3.0
485,8.0
486,1.0
487,10.0
488,145.0
489,2.0
490,1.0
491,1.0
492,8.0
493,56.0
494,2023.0
495,2.0
496,2.0
497,1.0
498,3.0
499,1.0
500,1.0
501,1.0
502,33.0
503,2.0
504,14.0
505,1.0
506,1.0
507,2.0
508,1.0
509,2.0
510,1.0
511,2.0
512,7.0
513,1.0
514,3.0
515,18.0
516,1.0
517,6.0
518,11.0
519,6.0
520,3.0
521,742.0
522,1.0
523,6.0
524,4.0
525,13.0
526,1.0
527,2.0
528,27.0
529,1.0
530,1.0
531,10.0
532,3.0
533,1.0
534,2152.0
535,1.0
536,2.0
537,2.0
538,10.0
539,2.0
540,9.0
541,1.0
542,1.0
543,1.0
544,1.0
545,3.0
546,1.0
547,1.0
548,4.0
549,1.0
550,1.0
551,1.0
552,1.0
553,1998.0
554,2.0
555,22.0
556,4.0
557,1.0
558,1.0
559,2.0
560,1.0
561,2.0
562,3.0
563,2.0
564,12.0
565,1.0
566,2.0
567,2.0
568,1.0
569,4.0
570,11777.0
571,3.0
572,22.0
573,5.0
574,12.0
575,95.0
576,1.0
577,98.0
578,11169.0
579,1.0
580,1.0
581,3.0
582,12.0
583,70069.0
584,1.0
585,2.0
586,2.0
587,1.0
588,2.0
589,1.0
590,4.0
591,1.0
592,1.0
593,1.0
594,1.0
595,1.0
596,1.0
597,2965.0
598,2.0
599,1.0
600,2.0
601,1.0
602,115.0
603,1.0
604,1.0
605,1.0
606,7.0
607,1.0
608,1.0
609,7.0
610,7.0
611,3.0
612,1.0
613,417.0
614,2.0
615,1.0
616,5.0
617,1.0
618,1.0
619,9.0
620,1.0
621,1.0
622,11.0
623,1.0
624,1.0
625,1.0
626,1.0
627,3720.0
628,6.0
629,55.0
630,63.0
631,13.0
632,2.0
633,1.0
634,7.0
635,6.0
636,1.0
637,1.0
638,15.0
639,1.0
640,45.0
641,1.0
642,1.0
643,95.0
644,2.0
645,1.0
646,12153.0
647,1.0
648,2.0
649,2.0
650,1.0
651,23280.0
652,124.0
653,1.0
654,1.0
655,70069.0
656,2.0
657,1.0
658,39.0
659,1.0
660,3.0
661,1.0
662,1.0
663,14.0
664,1.0
665,814.0
666,3.0
667,1.0
668,3.0
669,1.0
670,1.0
671,1.0
672,2.0
673,20.0
674,1.0
675,1.0
676,6.0
677,1.0
678,3.0
679,27.0
680,4.0
681,1.0
682,2.0
683,1.0
684,1.0
685,6.0
686,93.0
687,1.0
688,1.0
689,2.0
690,16.0
691,1.0
692,217.0
693,1308.0
694,417.0
695,1.0
696,1.0
697,1.0
698,14.0
699,47.0
700,50157.0
701,7.0
702,4794.0
703,39.0
704,453.0
705,39.0
706,7.0
707,1.0
708,5.0
709,5.0
710,770.0
711,17.0
712,3.0
713,3.0
714,1.0
715,2.0
716,1.0
717,53.0
718,1.0
719,6.0
720,8.0
721,2.0
722,1.0
723,4.0
724,5.0
725,1.0
726,1.0
727,1.0
728,1.0
729,7.0
730,91.0
731,1.0
732,1.0
733,1.0
734,2.0
735,1.0
736,9.0
737,1.0
738,2.0
739,2.0
740,5.0
741,11.0
742,1.0
743,2.0
744,2.0
745,2.0
746,5.0
747,1.0
748,8.0
749,1.0
750,2.0
751,2.0
752,686.0
753,1.0
754,40.0
755,2.0
756,1.0
757,2.0
758,2.0
759,48626.0
760,1.0
761,11.0
762,124.0
763,1.0
764,1.0
765,3.0
766,4.0
767,1.0
768,2.0
769,9.0
770,163.0
771,2.0
772,5.0
773,1.0
774,25.0
775,2.0
776,3.0
777,6.0
778,18.0
779,1.0
780,107.0
781,1.0
782,107.0
783,8.0
784,1.0
785,1.0
786,1.0
787,4.0
788,6.0
789,1.0
790,1.0
791,1.0
792,1.0
793,4.0
794,68.0
795,10651.0
796,1.0
797,1.0
798,2.0
799,1.0
800,1.0
801,3.0
802,4.0
803,2.0
804,93.0
805,2.0
806,101.0
807,1.0
808,8.0
809,1.0
810,3.0
811,1.0
812,417.0
813,1.0
814,2.0
815,10.0
816,290.0
817,2.0
818,45.0
819,365.0
820,1.0
821,2.0
822,1.0
823,1445.0
824,1.0
825,2.0
826,1.0
827,8.0
828,2.0
829,3.0
830,44.0
831,1.0
832,87.0
833,1.0
834,4.0
835,1.0
836,2.0
837,1.0
838,97.0
839,2.0
840,119.0
841,2.0
842,1.0
843,3.0
844,5.0
845,293.0
846,1.0
847,2.0
848,1.0
849,10.0
850,1.0
851,1.0
852,14.0
853,1.0
854,1.0
855,1.0
856,4.0
857,1.0
858,1.0
859,1.0
860,1.0
861,1.0
862,97.0
863,2.0
864,132.0
865,93.0
866,3.0
867,2.0
868,814.0
869,4.0
870,107.0
871,4008.0
872,1.0
873,1.0
874,1.0
875,25.0
876,1.0
877,18.0
878,1.0
879,1.0
880,2.0
881,2.0
882,1.0
883,1.0
884,1.0
885,10.0
886,20.0
887,1.0
888,97.0
889,3.0
890,1.0
891,1.0
892,3.0
893,1.0
894,14.0
895,2.0
896,2.0
897,5.0
898,5.0
899,3.0
900,10.0
901,2.0
902,124.0
903,1.0
904,50157.0
905,1.0
906,2.0
907,51.0
908,1.0
909,2.0
910,8.0
911,6.0
912,2.0
913,4.0
914,4.0
915,1.0
916,1.0
917,1159.0
918,1540.0
919,1.0
920,3.0
921,1.0
922,1.0
923,5684.0
924,1.0
925,1.0
926,2.0
927,5584.0
928,2.0
929,3.0
930,1.0
931,6.0
932,1.0
933,1.0
934,1.0
935,3.0
936,1.0
937,160.0
938,3.0
939,1.0
940,2.0
941,2.0
942,1.0
943,107.0
944,2.0
945,4.0
946,1.0
947,1.0
948,22.0
949,1.0
950,8.0
951,1.0
952,1.0
953,18.0
954,3.0
955,4.0
956,3008.0
957,1.0
958,21.0
959,14.0
960,2.0
961,1.0
962,3.0
963,1.0
964,6.0
965,673.0
966,3.0
967,3.0
968,22.0
969,2.0
970,3.0
971,4.0
972,1.0
973,2.0
974,5.0
975,2.0
976,4.0
977,2.0
978,1.0
979,6.0
980,5.0
981,70069.0
982,2.0
983,89.0
984,1.0
985,3.0
986,4.0
987,3.0
988,1.0
989,1.0
990,1.0
991,42891.0
992,10488.0
993,9.0
994,1.0
995,6.0
996,1.0
997,10.0
998,1.0
999,1.0
1000,2.0
1001,2.0
1002,5590.0
1003,1.0
1004,1.0
1005,13.0
1006,9.0
1007,1.0
1008,3.0
1009,3.0
1010,5.0
1011,1.0
1012,3.0
1013,7.0
1014,2.0
1015,5.0
1016,19.0
1017,33.0
1018,1.0
1019,5.0
1020,47.0
1021,9.0
1022,3.0
1023,3.0
1024,1.0
1025,1.0
1026,1.0
1027,2.0
1028,1.0
1029,3914.0
1030,33.0
1031,124.0
1032,3.0
1033,1.0
1034,862.0
1035,3.0
1036,25.0
1037,2.0
1038,1.0
1039,6.0
1040,2.0
1041,1.0
1042,1.0
1043,1861.0
1044,1.0
1045,1.0
1046,27.0
1047,1.0
1048,7.0
1049,11.0
1050,1.0
1051,3.0
1052,6.0
1053,1.0
1054,1.0
1055,6.0
1056,93.0
1057,1.0
1058,1.0
1059,1.0
1060,1.0
1061,1.0
1062,3940.0
1063,6.0
1064,1.0
1065,4.0
1066,2578.0
1067,2.0
1068,3.0
1069,1.0
1070,1.0
1071,1.0
1072,107.0
1073,9.0
1074,11.0
1075,35894.0
1076,1.0
1077,19.0
1078,1.0
1079,63.0
1080,1.0
1081,22.0
1082,1.0
1083,1.0
1084,4.0
1085,1.0
1086,1.0
1087,1.0
1088,8.0
1089,30.0
1090,864.0
1091,862.0
1092,1.0
1093,1.0
1094,1.0
1095,1.0
1096,1.0
1097,1.0
1098,5.0
1099,3.0
1100,45.0
1101,1.0
1102,35.0
1103,1.0
1104,396.0
1105,5.0
1106,1.0
1107,3296.0
1108,1.0
1109,2.0
1110,1.0
1111,2.0
1112,19.0
1113,3.0
1114,1.0
1115,1.0
1116,35.0
1117,4.0
1118,15754.0
1119,4.0
1120,7.0
1121,1.0
1122,249.0
1123,2.0
1124,2.0
1125,4.0
1126,2.0
1127,1.0
1128,2.0
1129,3.0
1130,1.0
1131,6.0
1132,1.0
1133,1.0
1134,8.0
1135,1.0
1136,2.0
1137,1.0
1138,814.0
1139,1.0
1140,2.0
1141,4.0
1142,3.0
1143,4.0
1144,1.0
1145,3.0
1146,1.0
1147,1.0
1148,862.0
1149,2.0
1150,1.0
1151,9.0
1152,1.0
1153,2.0
1154,1.0
1155,8.0
1156,70069.0
1157,208.0
1158,862.0
1159,3.0
1160,814.0
1161,2.0
1162,1.0
1163,1.0
1164,13.0
1165,1.0
1166,4.0
1167,1.0
1168,2877.0
1169,1.0
1170,2.0
1171,54.0
1172,2.0
1173,37.0
1174,88.0
1175,2.0
1176,8.0
1177,14.0
1178,1.0
1179,1.0
1180,1.0
1181,26.0
1182,1.0
1183,7.0
1184,2.0
1185,2.0
1186,1.0
1187,1.0
1188,1.0
1189,1.0
1190,1.0
1191,1.0
1192,27.0
1193,57.0
1194,1.0
1195,1.0
1196,1.0
1197,1.0
1198,1.0
1199,1.0
1200,1.0
1201,1.0
1202,11.0
1203,2.0
1204,2578.0
1205,1.0
1206,1.0
1207,1.0
1208,1.0
1209,31.0
1210,1.0
1211,1.0
1212,2.0
1213,11.0
1214,1.0
1215,1.0
1216,1.0
1217,12.0
1218,5.0
1219,162.0
1220,1.0
1221,2.0
1222,1.0
1223,2.0
1224,17.0
1225,683.0
1226,7.0
1227,39.0
1228,1.0
1229,292.0
1230,1.0
1231,14.0
1232,4909.0
1233,36.0
1234,1.0
1235,1.0
1236,1.0
1237,1.0
1238,1.0
1239,1.0
1240,1.0
1241,1.0
1242,3.0
1243,9.0
1244,8351.0
1245,7.0
1246,1.0
1247,1.0
1248,1.0
1249,2.0
1250,1.0
1251,16.0
1252,38.0
1253,1.0
1254,1.0
1255,1.0
1256,1.0
1257,1.0
1258,8.0
1259,1.0
1260,53.0
1261,1.0
1262,10651.0
1263,1.0
1264,83.0
1265,9.0
1266,1.0
1267,1.0
1268,47.0
1269,1.0
1270,6.0
1271,168.0
1272,1.0
1273,1.0
1274,31.0
1275,18.0
1276,1.0
1277,1.0
1278,1.0
1279,152.0
1280,1.0
1281,1.0
1282,3.0
1283,1.0
1284,15.0
1285,6.0
1286,12.0
1287,88.0
1288,88.0
1289,1.0
1290,37895.0
1291,1.0
1292,2.0
1293,1.0
1294,1.0
1295,1.0
1296,1.0
1297,439.0
1298,8.0
1299,1.0
1300,1.0
1301,14.0
1302,1.0
1303,1.0
1304,107.0
1305,1.0
1306,1.0
1307,14.0
1308,2.0
1309,1.0
1310,16903.0
1311,1087.0
1312,14.0
1313,11.0
1314,1.0
1315,256.0
1316,2.0
1317,9936.0
1318,3.0
1319,4.0
1320,11415.0
1321,7.0
1322,4518.0
1323,14.0
1324,1.0
1325,4.0
1326,417.0
1327,13.0
1328,93.0
1329,9.0
1330,1.0
1331,1.0
1332,3.0
1333,48.0
1334,1.0
1335,2.0
1336,22.0
1337,1.0
1338,1.0
1339,1.0
1340,1.0
1341,36.0
1342,3.0
1343,4.0
1344,1.0
1345,1.0
1346,1.0
1347,448.0
1348,224.0
1349,5.0
1350,11.0
1351,27.0
1352,33168.0
1353,6.0
1354,1.0
1355,2.0
1356,4.0
1357,1.0
1358,1.0
1359,107.0
1360,1.0
1361,1.0
1362,1.0
1363,1.0
1364,1.0
1365,12.0
1366,1.0
1367,7.0
1368,4.0
1369,124.0
1370,1.0
1371,4909.0
1372,1.0
1373,8.0
1374,1.0
1375,2.0
1376,4.0
1377,1.0
1378,771.0
1379,87.0
1380,2.0
1381,16.0
1382,14.0
1383,1.0
1384,1.0
1385,2.0
1386,6722.0
1387,2.0
1388,3.0
1389,1.0
1390,1.0
1391,723.0
1392,723.0
1393,3.0
1394,7208.0
1395,1.0
1396,10.0
1397,4.0
1398,1.0
1399,1.0
1400,67.0
1401,417.0
1402,33.0
1403,1.0
1404,2.0
1405,1.0
1406,5.0
1407,1.0
1408,1.0
1409,1.0
1410,1.0
1411,1.0
1412,1.0
1413,1.0
1414,1.0
1415,3.0
1416,4.0
1417,5.0
1418,2023.0
1419,1.0
1420,2.0
1421,15.0
1422,1.0
1423,13.0
1424,2.0
1425,1.0
1426,1.0
1427,1.0
1428,7.0
1429,466253.0
1430,7.0
1431,1.0
1432,5.0
1433,1.0
1434,1.0
1435,2.0
1436,1.0
1437,1.0
1438,4.0
1439,1.0
1440,1.0
1441,26.0
1442,8.0
1443,453.0
1444,1.0
1445,22.0
1446,1.0
1447,1.0
1448,4.0
1449,2.0
1450,14.0
1451,1.0
1452,1.0
1453,2.0
1454,2.0
1455,1.0
1456,1.0
1457,1.0
1458,1.0
1459,1.0
1460,50157.0
1461,1.0
1462,15.0
1463,1.0
1464,6.0
1465,7.0
1466,3773.0
1467,2578.0
1468,120.0
1469,6.0
1470,1.0
1471,1.0
1472,1.0
1473,4.0
1474,1.0
1475,2.0
1476,90.0
1477,1583846.0
1478,1.0
1479,2.0
1480,1.0
1481,1.0
1482,11.0
1483,1.0
1484,163.0
1485,8.0
1486,1.0
1487,30.0
1488,1.0
1489,1.0
1490,3.0
1491,3.0
1492,1.0
1493,25528.0
1494,1.0
1495,1.0
1496,6.0
1497,2.0
1498,1.0
1499,6.0
1500,32.0
1501,4.0
1502,4.0
1503,1.0
1504,1.0
1505,4.0
1506,2.0
1507,3.0
1508,2.0
1509,1.0
1510,1.0
1511,1.0
1512,8.0
1513,1.0
1514,1.0
1515,107.0
1516,2.0
1517,6.0
1518,1.0
1519,11.0
1520,3.0
1521,1.0
1522,107.0
1523,32.0
1524,14259.0
1525,2.0
1526,107.0
1527,1.0
1528,93.0
1529,120.0
1530,10.0
1531,2.0
1532,1.0
1533,9.0
1534,1.0
1535,1.0
1536,1.0
1537,7.0
1538,1.0
1539,41.0
1540,1.0
1541,27.0
1542,3.0
1543,1.0
1544,50157.0
1545,1.0
1546,1.0
1547,1.0
1548,1.0
1549,1.0
1550,1.0
1551,27.0
1552,1.0
1553,1.0
1554,2.0
1555,11.0
1556,1.0
1557,6.0
1558,1.0
1559,2.0
1560,26.0
1561,3.0
1562,1.0
1563,2.0
1564,1.0
1565,1.0
1566,3.0
1567,1.0
1568,2.0
1569,2.0
1570,4.0
1571,1.0
1572,3.0
1573,6.0
1574,6.0
1575,2.0
1576,1.0
1577,1.0
1578,1.0
1579,69.0
1580,9.0
1581,1.0
1582,70069.0
1583,1.0
1584,1.0
1585,18.0
1586,1.0
1587,2.0
1588,22.0
1589,2.0
1590,1.0
1591,1.0
1592,1.0
1593,18.0
1594,1.0
1595,1.0
1596,2.0
1597,14.0
1598,1.0
1599,9.0
1600,2.0
1601,3.0
1602,6.0
1603,1.0
1604,117.0
1605,2.0
1606,9.0
1607,2.0
1608,1.0
1609,1.0
1610,2.0
1611,7.0
1612,3.0
1613,3.0
1614,1.0
1615,4.0
1616,1.0
1617,3.0
1618,4.0
1619,84.0
1620,2.0
1621,5.0
1622,25.0
1623,1.0
1624,1.0
1625,14.0
1626,3.0
1627,2.0
1628,1.0
1629,8.0
1630,1.0
1631,6.0
1632,1.0
1633,5.0
1634,24.0
1635,1.0
1636,1.0
1637,1.0
1638,4.0
1639,33.0
1640,9.0
1641,21767.0
1642,1.0
1643,1.0
1644,4.0
1645,1.0
1646,1.0
1647,4.0
1648,1.0
1649,6.0
1650,1.0
1651,1.0
1652,2.0
1653,6.0
1654,21.0
1655,6.0
1656,2.0
1657,1.0
1658,21.0
1659,5.0
1660,2.0
1661,1.0
1662,2.0
1663,1.0
1664,55.0
1665,2.0
1666,2.0
1667,1.0
1668,1159.0
1669,1.0
1670,4.0
1671,1.0
1672,6.0
1673,10.0
1674,24.0
1675,6.0
1676,14.0
1677,69.0
1678,2.0
1679,1.0
1680,871.0
1681,1.0
1682,33.0
1683,6.0
1684,4.0
1685,1.0
1686,12.0
1687,4.0
1688,1.0
1689,1.0
1690,3.0
1691,1.0
1692,1.0
1693,74849.0
1694,1.0
1695,7.0
1696,1.0
1697,4.0
1698,1.0
1699,2.0
1700,3.0
1701,20.0
1702,1.0
1703,31.0
1704,2.0
1705,74849.0
1706,2.0
1707,28.0
1708,2.0
1709,1.0
1710,7.0
1711,2.0
1712,1.0
1713,417.0
1714,18.0
1715,37.0
1716,3.0
1717,1.0
1718,3.0
1719,1346.0
1720,1.0
1721,4.0
1722,4.0
1723,33.0
1724,5.0
1725,2.0
1726,1.0
1727,2.0
1728,8351.0
1729,1.0
1730,1.0
1731,1.0
1732,1.0
1733,1.0
1734,2.0
1735,14.0
1736,1.0
1737,9936.0
1738,6.0
1739,1.0
1740,26.0
1741,3.0
1742,1.0
1743,10.0
1744,2.0
1745,8.0
1746,1.0
1747,7.0
1748,14.0
1749,1.0
1750,25.0
1751,1.0
1752,1.0
1753,18.0
1754,1.0
1755,2.0
1756,70069.0
1757,581.0
1758,1.0
1759,1.0
1760,4.0
1761,1.0
1762,1.0
1763,4.0
1764,31.0
1765,2.0
1766,2.0
1767,6550.0
1768,3.0
1769,7.0
1770,2.0
1771,6.0
1772,5.0
1773,1.0
1774,1.0
1775,1.0
1776,1.0
1777,2578.0
1778,1.0
1779,1.0
1780,1.0
1781,2.0
1782,9.0
1783,26.0
1784,4.0
1785,91.0
1786,1.0
1787,9.0
1788,1.0
1789,1.0
1790,2.0
1791,4005.0
1792,1.0
1793,1.0
1794,2.0
1795,7.0
1796,24.0
1797,1.0
1798,5.0
1799,6.0
1800,55.0
1801,5.0
1802,448.0
1803,2.0
1804,50157.0
1805,276.0
1806,7.0
1807,2.0
1808,1.0
1809,1.0
1810,124.0
1811,124.0
1812,10.0
1813,1.0
1814,1.0
1815,1.0
1816,1.0
1817,12.0
1818,4.0
1819,1.0
1820,1.0
1821,2.0
1822,3.0
1823,3.0
1824,1.0
1825,4.0
1826,1.0
1827,1.0
1828,1.0
1829,1.0
1830,12.0
1831,1.0
1832,1.0
1833,6.0
1834,1.0
1835,2.0
1836,13021.0
1837,2.0
1838,1.0
1839,2.0
1840,2.0
1841,1.0
1842,94992.0
1843,1.0
1844,5.0
1845,1907.0
1846,1159.0
1847,12781.0
1848,11.0
1849,23.0
1850,1.0
1851,1.0
1852,3.0
1853,4.0
1854,1.0
1855,7.0
1856,9.0
1857,2.0
1858,1.0
1859,1.0
1860,5.0
1861,72.0
1862,2.0
1863,10.0
1864,1.0
1865,6.0
1866,6.0
1867,86.0
1868,686.0
1869,1.0
1870,1.0
1871,4.0
1872,1.0
1873,3.0
1874,29.0
1875,124.0
1876,1.0
1877,1.0
1878,1.0
1879,163.0
1880,1.0
1881,10.0
1882,39.0
1883,2.0
1884,15.0
1885,3.0
1886,4.0
1887,124.0
1888,5.0
1889,2469.0
1890,2.0
1891,11.0
1892,31.0
1893,1.0
1894,1.0
1895,1.0
1896,2.0
1897,146.0
1898,1.0
1899,1.0
1900,2210.0
1901,1.0
1902,2.0
1903,1.0
1904,1.0
1905,2.0
1906,8351.0
1907,135.0
1908,93.0
1909,22.0
1910,48626.0
1911,2.0
1912,163.0
1913,3218.0
1914,292.0
1915,11.0
1916,1.0
1917,8.0
1918,9.0
1919,1200.0
1920,1.0
1921,4.0
1922,1.0
1923,14.0
1924,150.0
1925,3.0
1926,1.0
1927,4.0
1928,2.0
1929,1.0
1930,10.0
1931,1.0
1932,1.0
1933,1.0
1934,1.0
1935,1.0
1936,3.0
1937,5584.0
1938,453.0
1939,91.0
1940,7.0
1941,4.0
1942,1.0
1943,4.0
1944,24.0
1945,10.0
1946,8351.0
1947,1.0
1948,12249.0
1949,2.0
1950,3.0
1951,1.0
1952,2.0
1953,120.0
1954,1.0
1955,1.0
1956,91.0
1957,1.0
1958,620.0
1959,28.0
1960,107.0
1961,1.0
1962,14.0
1963,1.0
1964,2.0
1965,104.0
1966,1.0
1967,37.0
1968,1.0
1969,2.0
1970,2.0
1971,2965.0
1972,2.0
1973,1.0
1974,1.0
1975,208.0
1976,11.0
1977,1.0
1978,1.0
1979,2.0
1980,2520.0
1981,2.0
1982,1.0
1983,107.0
1984,2.0
1985,9.0
1986,1.0
1987,225.0
1988,107.0
1989,4.0
1990,25.0
1991,1.0
1992,1.0
1993,3.0
1994,4.0
1995,2.0
1996,4.0
1997,33.0
1998,2.0
1999,5.0
2000,9.0
2001,32099.0
2002,4.0
2003,4.0
2004,2282.0
2005,3.0
2006,11.0
2007,1.0
2008,4.0
2009,1.0
2010,1.0
2011,2.0
2012,3.0
2013,1.0
2014,2.0
2015,385.0
2016,1.0
2017,512.0
2018,2.0
2019,1.0
2020,2.0
2021,1.0
2022,2.0
2023,22.0
2024,1.0
2025,1.0
2026,1.0
2027,4.0
2028,771.0
2029,1.0
2030,1.0
2031,453.0
2032,4.0
2033,18.0
2034,1.0
2035,1.0
2036,1.0
2037,1.0
2038,3.0
2039,3.0
2040,4.0
2041,2.0
2042,14.0
2043,22.0
2044,6.0
2045,9.0
2046,4.0
2047,2.0
2048,6.0
2049,2.0
2050,2.0
2051,1.0
2052,16326.0
2053,1.0
2054,1.0
2055,1.0
2056,2.0
2057,1.0
2058,145.0
2059,1.0
2060,51.0
2061,1.0
2062,1.0
2063,1.0
2064,6.0
2065,1.0
2066,1.0
2067,2578.0
2068,1.0
2069,14.0
2070,417.0
2071,1.0
2072,13123.0
2073,1.0
2074,3.0
2075,6.0
2076,1.0
2077,1.0
2078,16.0
2079,1.0
2080,21.0
2081,1.0
2082,1.0
2083,503.0
2084,1.0
2085,2.0
2086,1.0
2087,9318.0
2088,17.0
2089,1.0
2090,5.0
2091,2.0
2092,1.0
2093,20.0
2094,4.0
2095,175.0
2096,5.0
2097,2.0
2098,12.0
2099,2.0
2100,1.0
2101,9.0
2102,8.0
2103,23.0
2104,95.0
2105,1.0
2106,2.0
2107,9.0
2108,4.0
2109,4.0
2110,1.0
2111,1.0
2112,1.0
2113,1.0
2114,12.0
2115,2.0
2116,1.0
2117,11.0
2118,6.0
2119,2.0
2120,1.0
2121,1.0
2122,1.0
2123,2.0
2124,175.0
2125,15.0
2126,2.0
2127,1.0
2128,2.0
2129,16.0
2130,3.0
2131,1.0
2132,2.0
2133,1.0
2134,4.0
2135,1.0
2136,1.0
2137,7.0
2138,3.0
2139,6.0
2140,1.0
2141,1.0
2142,3.0
2143,1.0
2144,256.0
2145,1.0
2146,1.0
2147,2.0
2148,16.0
2149,1.0
2150,1.0
2151,1.0
2152,1.0
2153,13.0
2154,2.0
2155,1.0
2156,1.0
2157,5.0
2158,1.0
2159,2578.0
2160,1.0
2161,6.0
2162,4.0
2163,5.0
2164,1.0
2165,4909.0
2166,1.0
2167,1.0
2168,9.0
2169,2.0
2170,107.0
2171,1.0
2172,4.0
2173,1.0
2174,1.0
2175,4.0
2176,5.0
2177,1.0
2178,5.0
2179,12.0
2180,1.0
2181,13.0
2182,1823.0
2183,7.0
2184,26.0
2185,8.0
2186,1.0
2187,3.0
2188,97.0
2189,11.0
2190,1.0
2191,6.0
2192,2.0
2193,226.0
2194,1.0
2195,1.0
2196,1.0
2197,13.0
2198,16903.0
2199,3.0
2200,2.0
2201,11.0
2202,1.0
2203,1.0
2204,21.0
2205,1.0
2206,1.0
2207,1.0
2208,2.0
2209,15.0
2210,3.0
2211,2.0
2212,6.0
2213,3.0
2214,4.0
2215,7.0
2216,1.0
2217,1.0
2218,2.0
2219,107.0
2220,4.0
2221,4.0
2222,1.0
2223,4909.0
2224,1.0
2225,1.0
2226,4.0
2227,1.0
2228,3507.0
2229,2.0
2230,2.0
2231,160.0
2232,1.0
2233,2.0
2234,1049.0
2235,1.0
2236,6.0
2237,466253.0
2238,6.0
2239,3.0
2240,31.0
2241,176421.0
2242,14.0
2243,196.0
2244,97.0
2245,73.0
2246,287.0
2247,38.0
2248,336.0
2249,15.0
2250,2.0
2251,107.0
2252,2.0
2253,91.0
2254,1.0
2255,2.0
2256,1.0
2257,21.0
2258,9.0
2259,104190.0
2260,1.0
2261,1.0
2262,4.0
2263,1.0
2264,1.0
2265,9.0
2266,1.0
2267,2.0
2268,14.0
2269,1.0
2270,1.0
2271,3.0
2272,1.0
2273,9.0
2274,28.0
2275,12.0
2276,2.0
2277,1.0
2278,196.0
2279,7.0
2280,2.0
2281,1.0
2282,2.0
2283,4.0
2284,6.0
2285,1.0
2286,2.0
2287,1.0
2288,2.0
2289,1.0
2290,5.0
2291,95.0
2292,3.0
2293,1.0
2294,1.0
2295,7.0
2296,2.0
2297,72.0
2298,3.0
2299,11.0
2300,5590.0
2301,1.0
2302,2.0
2303,1.0
2304,1.0
2305,2.0
2306,37895.0
2307,2210.0
2308,9936.0
2309,1.0
2310,2.0
2311,5.0
2312,1.0
2313,1.0
2314,4005.0
2315,22.0
2316,70069.0
2317,4.0
2318,1.0
2319,1.0
2320,2.0
2321,1.0
2322,30.0
2323,1.0
2324,1.0
2325,22.0
2326,1.0
2327,1.0
2328,1.0
2329,17183.0
2330,7.0
2331,2.0
2332,14.0
2333,1.0
2334,11.0
2335,1.0
2336,1.0
2337,1.0
2338,11.0
2339,1.0
2340,1.0
2341,1.0
2342,2.0
2343,2.0
2344,1.0
2345,5.0
2346,1.0
2347,6313.0
2348,3.0
2349,2.0
2350,4.0
2351,1.0
2352,1.0
2353,2.0
2354,2.0
2355,1.0
2356,2.0
2357,97.0
2358,1.0
2359,74849.0
2360,1.0
2361,1.0
2362,3.0
2363,1.0
2364,3.0
2365,2.0
2366,97.0
2367,4.0
2368,1.0
2369,3.0
2370,6.0
2371,1.0
2372,22.0
2373,2.0
2374,4.0
2375,22.0
2376,1.0
2377,2.0
2378,1.0
2379,35.0
2380,2.0
2381,1.0
2382,3.0
2383,4.0
2384,45.0
2385,2.0
2386,7208.0
2387,1.0
2388,1.0
2389,8.0
2390,6249.0
2391,35894.0
2392,5.0
2393,3.0
2394,3.0
2395,1.0
2396,14.0
2397,1.0
2398,27.0
2399,1.0
2400,1.0
2401,1.0
2402,2.0
2403,5.0
2404,4448.0
2405,1.0
2406,14.0
2407,1.0
2408,27.0
2409,6.0
2410,5.0
2411,1.0
2412,6.0
2413,1.0
2414,1.0
2415,1.0
2416,1.0
2417,1.0
2418,33.0
2419,2.0
2420,1.0
2421,4.0
2422,6.0
2423,1.0
2424,1.0
2425,2.0
2426,3.0
2427,14.0
2428,16299.0
2429,1.0
2430,1.0
2431,1.0
2432,8.0
2433,7.0
2434,2.0
2435,3.0
2436,152.0
2437,3.0
2438,12.0
2439,1.0
2440,4.0
2441,3.0
2442,3.0
2443,1.0
2444,1.0
2445,1.0
2446,1.0
2447,2.0
2448,1.0
2449,14.0
2450,1.0
2451,1.0
2452,107.0
2453,1.0
2454,2.0
2455,1.0
2456,12.0
2457,3.0
2458,1.0
2459,5.0
2460,72.0
2461,4.0
2462,379.0
2463,439.0
2464,2.0
2465,2.0
2466,9.0
2467,1.0
2468,1.0
2469,1.0
2470,1.0
2471,3.0
2472,7.0
2473,18.0
2474,91.0
2475,1.0
2476,3.0
2477,2.0
2478,4.0
2479,2.0
2480,2.0
2481,12249.0
2482,1.0
2483,107.0
2484,3.0
2485,6.0
2486,107.0
2487,1.0
2488,174.0
2489,2.0
2490,1.0
2491,6.0
2492,3.0
2493,417.0
2494,1.0
2495,7.0
2496,7.0
2497,862.0
2498,9.0
2499,6.0
2500,1.0
2501,2.0
2502,11.0
2503,1.0
2504,4.0
2505,2.0
2506,1.0
2507,1.0
2508,1907.0
2509,2.0
2510,5.0
2511,93.0
2512,1.0
2513,1.0
2514,8.0
2515,6.0
2516,2.0
2517,1.0
2518,13.0
2519,4792.0
2520,3.0
2521,1.0
2522,2.0
2523,13.0
2524,14.0
2525,1.0
2526,26.0
2527,2.0
2528,1.0
2529,7.0
2530,2.0
2531,6.0
2532,4.0
2533,6.0
2534,2.0
2535,13123.0
2536,1.0
2537,1.0
2538,5.0
2539,2.0
2540,27.0
2541,2023.0
2542,3.0
2543,2.0
2544,1.0
2545,3.0
2546,1.0
2547,1.0
2548,63.0
2549,4.0
2550,2578.0
2551,1.0
2552,2.0
2553,3.0
2554,1.0
2555,5078.0
2556,2.0
2557,8.0
2558,1.0
2559,146.0
2560,742.0
2561,4.0
2562,1.0
2563,4.0
2564,2.0
2565,3.0
2566,6.0
2567,17.0
2568,1.0
2569,1.0
2570,35.0
2571,1.0
2572,1.0
2573,1.0
2574,4.0
2575,2.0
2576,4.0
2577,4.0
2578,1.0
2579,1.0
2580,5.0
2581,3.0
2582,1.0
2583,8.0
2584,1.0
2585,1.0
2586,2.0
2587,3.0
2588,1.0
2589,1.0
2590,1.0
2591,1.0
2592,2.0
2593,1.0
2594,1.0
2595,633.0
2596,1.0
2597,1.0
2598,5.0
2599,14.0
2600,2.0
2601,44.0
2602,91.0
2603,2.0
2604,2.0
2605,1.0
2606,1.0
2607,5.0
2608,56.0
2609,6722.0
2610,1.0
2611,1.0
2612,1.0
2613,34.0
2614,1.0
2615,1.0
2616,1.0
2617,1368.0
2618,1.0
2619,1.0
2620,2.0
2621,1.0
2622,104.0
2623,1.0
2624,1.0
2625,1.0
2626,1.0
2627,2.0
2628,2.0
2629,1.0
2630,4.0
2631,7.0
2632,1.0
2633,3.0
2634,3.0
2635,13.0
2636,79.0
2637,1.0
2638,3.0
2639,11.0
2640,3.0
2641,1.0
2642,3.0
2643,1.0
2644,2.0
2645,2.0
2646,47.0
2647,1.0
2648,24.0
2649,292.0
2650,723.0
2651,1.0
2652,1.0
2653,1.0
2654,7.0
2655,4.0
2656,9.0
2657,1.0
2658,10.0
2659,1.0
2660,14.0
2661,6.0
2662,2.0
2663,1.0
2664,14.0
2665,2.0
2666,3.0
2667,1.0
2668,1.0
2669,1.0
2670,2.0
2671,1.0
2672,1.0
2673,3.0
2674,1.0
2675,1.0
2676,3.0
2677,7.0
2678,6.0
2679,67540.0
2680,1.0
2681,31.0
2682,1.0
2683,6.0
2684,1.0
2685,1.0
2686,3.0
2687,8.0
2688,4.0
2689,4.0
2690,4.0
2691,6.0
2692,1.0
2693,3.0
2694,18.0
2695,1.0
2696,2.0
2697,36.0
2698,11.0
2699,14.0
2700,4.0
2701,1.0
2702,2.0
2703,70069.0
2704,1540.0
2705,1.0
2706,3.0
2707,3.0
2708,160.0
2709,1.0
2710,10.0
2711,1.0
2712,1.0
2713,1.0
2714,3.0
2715,6.0
2716,62455.0
2717,1.0
2718,1.0
2719,2.0
2720,1.0
2721,4.0
2722,1.0
2723,13.0
2724,1.0
2725,4.0
2726,1.0
2727,11.0
2728,107.0
2729,38579.0
2730,4.0
2731,5.0
2732,3.0
2733,31229.0
2734,1.0
2735,8351.0
2736,9.0
2737,2.0
2738,1.0
2739,2.0
2740,11.0
2741,1.0
2742,1.0
2743,5.0
2744,5.0
2745,1.0
2746,1.0
2747,1.0
2748,1.0
2749,7.0
2750,2.0
2751,30.0
2752,73.0
2753,1.0
2754,771.0
2755,1.0
2756,11715.0
2757,1.0
2758,1.0
2759,3.0
2760,1.0
2761,5747.0
2762,1.0
2763,1.0
2764,20.0
2765,1.0
2766,1.0
2767,1.0
2768,1.0
2769,5.0
2770,13123.0
2771,1.0
2772,1.0
2773,1.0
2774,2.0
2775,1.0
2776,1.0
2777,8.0
2778,1.0
2779,4.0
2780,1.0
2781,1.0
2782,23280.0
2783,1.0
2784,1.0
2785,2.0
2786,1.0
2787,64.0
2788,569.0
2789,16.0
2790,13.0
2791,1.0
2792,4.0
2793,2.0
2794,1.0
2795,138.0
2796,2.0
2797,5.0
2798,2.0
2799,6.0
2800,1.0
2801,2.0
2802,1.0
2803,1.0
2804,47.0
2805,622.0
2806,22.0
2807,1.0
2808,1.0
2809,1.0
2810,1.0
2811,1.0
2812,1.0
2813,1.0
2814,1.0
2815,21.0
2816,1.0
2817,1.0
2818,6.0
2819,1.0
2820,1.0
2821,24.0
2822,22.0
2823,2.0
2824,23.0
2825,4.0
2826,6.0
2827,1.0
2828,27.0
2829,26.0
2830,3.0
2831,22.0
2832,1.0
2833,6.0
2834,2.0
2835,12.0
2836,27.0
2837,1.0
2838,9.0
2839,2.0
2840,1.0
2841,1.0
2842,832.0
2843,1.0
2844,107.0
2845,24.0
2846,1.0
2847,1.0
2848,12392.0
2849,1.0
2850,1.0
2851,9.0
2852,1.0
2853,95.0
2854,417.0
2855,6.0
2856,7.0
2857,1.0
2858,1.0
2859,1.0
2860,3.0
2861,2.0
2862,2.0
2863,3.0
2864,296.0
2865,3.0
2866,1.0
2867,5.0
2868,771.0
2869,1.0
2870,21.0
2871,2.0
2872,1.0
2873,4.0
2874,2.0
2875,3.0
2876,50157.0
2877,1.0
2878,417.0
2879,4.0
2880,814.0
2881,1.0
2882,9.0
2883,2.0
2884,2.0
2885,1.0
2886,14.0
2887,11.0
2888,1.0
2889,6.0
2890,1.0
2891,1.0
2892,10.0
2893,35.0
2894,93.0
2895,1.0
2896,20420.0
2897,1329.0
2898,18.0
2899,1.0
2900,5.0
2901,1.0
2902,1.0
2903,1.0
2904,2.0
2905,32187.0
2906,1.0
2907,1.0
2908,2.0
2909,2.0
2910,3.0
2911,1.0
2912,50157.0
2913,1.0
2914,1.0
2915,48639.0
2916,22.0
2917,4.0
2918,26.0
2919,160.0
2920,296.0
2921,8.0
2922,2.0
2923,1.0
2924,14.0
2925,1.0
2926,1.0
2927,9.0
2928,1.0
2929,1.0
2930,1.0
2931,1.0
2932,1.0
2933,1.0
2934,4245.0
2935,1.0
2936,9936.0
2937,16903.0
2938,29.0
2939,19.0
2940,2.0
2941,7.0
2942,1.0
2943,577.0
2944,4.0
2945,25.0
2946,1.0
2947,3.0
2948,4.0
2949,4.0
2950,2.0
2951,1.0
2952,69.0
2953,4.0
2954,4.0
2955,12.0
2956,3.0
2957,3.0
2958,12.0
2959,6.0
2960,1.0
2961,3.0
2962,417.0
2963,1.0
2964,2578.0
2965,1.0
2966,3.0
2967,2.0
2968,2.0
2969,3.0
2970,1.0
2971,2.0
2972,1.0
2973,5.0
2974,1.0
2975,12.0
2976,7.0
2977,2.0
2978,2.0
2979,2.0
2980,3.0
2981,1.0
2982,1.0
2983,1.0
2984,2.0
2985,1.0
2986,2.0
2987,1.0
2988,3.0
2989,2.0
2990,2.0
2991,3.0
2992,2.0
2993,1.0
2994,1.0
2995,30.0
2996,2.0
2997,4.0
2998,13.0
2999,2.0
3000,1.0
3001,104.0
3002,3.0
3003,6.0
3004,2.0
3005,124.0
3006,6.0
3007,5.0
3008,1.0
3009,1.0
3010,1909.0
3011,1.0
3012,2.0
3013,95.0
3014,1.0
3015,1.0
3016,22.0
3017,1.0
3018,1.0
3019,1.0
3020,1.0
3021,11.0
3022,1.0
3023,2469.0
3024,1.0
3025,4.0
3026,1.0
3027,107.0
3028,1.0
3029,1.0
3030,6.0
3031,1.0
3032,33035.0
3033,2.0
3034,341.0
3035,9.0
3036,2.0
3037,2.0
3038,2.0
3039,1.0
3040,1.0
3041,2070.0
3042,1.0
3043,90.0
3044,5.0
3045,11.0
3046,1.0
3047,2.0
3048,2.0
3049,1.0
3050,1.0
3051,1.0
3052,1.0
3053,2.0
3054,2.0
3055,2.0
3056,18.0
3057,1.0
3058,145.0
3059,1.0
3060,1.0
3061,1.0
3062,3.0
3063,39.0
3064,1.0
3065,1.0
3066,1.0
3067,5.0
3068,3.0
3069,1.0
3070,1.0
3071,25.0
3072,3.0
3073,3.0
3074,1.0
3075,1.0
3076,93.0
3077,2.0
3078,1.0
3079,1.0
3080,1.0
3081,4.0
3082,1.0
3083,1.0
3084,1.0
3085,5.0
3086,1.0
3087,18.0
3088,11.0
3089,1.0
3090,1.0
3091,39.0
3092,3.0
3093,1.0
3094,1.0
3095,14398.0
3096,120.0
3097,2.0
3098,1.0
3099,93.0
3100,3.0
3101,1.0
3102,1.0
3103,2.0
3104,6.0
3105,160.0
3106,1.0
3107,33.0
3108,1.0
3109,91.0
3110,1.0
3111,3.0
3112,8.0
3113,3.0
3114,3.0
3115,1.0
3116,11.0
3117,2.0
3118,12249.0
3119,9.0
3120,862.0
3121,1.0
3122,6.0
3123,1151.0
3124,1.0
3125,1.0
3126,2.0
3127,1.0
3128,1.0
3129,1.0
3130,1.0
3131,31.0
3132,1.0
3133,1.0
3134,1.0
3135,2.0
3136,3.0
3137,1.0
3138,1506.0
3139,1.0
3140,22.0
3141,2578.0
3142,7.0
3143,1.0
3144,2.0
3145,1.0
3146,10.0
3147,1.0
3148,1.0
3149,7.0
3150,2.0
3151,453.0
3152,13.0
3153,1.0
3154,1.0
3155,1.0
3156,169.0
3157,93.0
3158,1.0
3159,1.0
3160,97.0
3161,6.0
3162,4.0
3163,3.0
3164,1.0
3165,1.0
3166,1.0
3167,2.0
3168,7.0
3169,1.0
3170,93.0
3171,1.0
3172,7.0
3173,2.0
3174,1.0
3175,84.0
3176,1.0
3177,4050.0
3178,7.0
3179,1.0
3180,3.0
3181,3.0
3182,4.0
3183,3.0
3184,1.0
3185,1.0
3186,3.0
3187,1.0
3188,2.0
3189,3.0
3190,16.0
3191,1.0
3192,30.0
3193,1.0
3194,10.0
3195,1.0
3196,1.0
3197,1.0
3198,3.0
3199,1.0
3200,1.0
3201,6.0
3202,4.0
3203,2.0
3204,26.0
3205,22.0
3206,88.0
3207,2.0
3208,3.0
3209,1.0
3210,14.0
3211,2.0
3212,1.0
3213,7.0
3214,1.0
3215,15.0
3216,3.0
3217,1.0
3218,17183.0
3219,1.0
3220,10.0
3221,4.0
3222,3.0
3223,1.0
3224,4.0
3225,1.0
3226,11.0
3227,1.0
3228,1.0
3229,1.0
3230,3.0
3231,1.0
3232,1.0
3233,39.0
3234,1.0
3235,1.0
3236,1.0
3237,3.0
3238,53.0
3239,39.0
3240,1.0
3241,1.0
3242,2.0
3243,1.0
3244,1.0
3245,55.0
3246,7.0
3247,3.0
3248,44.0
3249,39.0
3250,2.0
3251,1.0
3252,1.0
3253,1.0
3254,25.0
3255,1.0
3256,1.0
3257,1.0
3258,1.0
3259,1.0
3260,4.0
3261,1.0
3262,1909.0
3263,3.0
3264,2.0
3265,3.0
3266,39.0
3267,107.0
3268,2.0
3269,8.0
3270,417.0
3271,1.0
3272,1.0
3273,1.0
3274,1.0
3275,2578.0
3276,1.0
3277,2.0
3278,1.0
3279,1.0
3280,1.0
3281,3.0
3282,1.0
3283,68.0
3284,262.0
3285,9.0
3286,5.0
3287,15.0
3288,1.0
3289,1.0
3290,1.0
3291,4.0
3292,14.0
3293,1.0
3294,1.0
3295,1.0
3296,1.0
3297,1.0
3298,1.0
3299,11.0
3300,2.0
3301,1.0
3302,5.0
3303,2.0
3304,3.0
3305,2.0
3306,3.0
3307,2.0
3308,4.0
3309,1.0
3310,2.0
3311,6.0
3312,1.0
3313,6.0
3314,2.0
3315,1.0
3316,1.0
3317,1.0
3318,1.0
3319,4.0
3320,14.0
3321,2.0
3322,16.0
3323,3.0
3324,2.0
3325,3.0
3326,1.0
3327,1.0
3328,8.0
3329,10.0
3330,1.0
3331,1.0
3332,3.0
3333,12392.0
3334,1.0
3335,1.0
3336,2.0
3337,9972.0
3338,2039.0
3339,1.0
3340,1.0
3341,5.0
3342,2.0
3343,4.0
3344,4.0
3345,1.0
3346,11.0
3347,27.0
3348,1.0
3349,3.0
3350,1.0
3351,2.0
3352,2.0
3353,7.0
3354,3.0
3355,34.0
3356,3.0
3357,2.0
3358,1.0
3359,3.0
3360,2125.0
3361,1.0
3362,3.0
3363,2.0
3364,33.0
3365,2.0
3366,6.0
3367,1.0
3368,1.0
3369,22.0
3370,3.0
3371,3276.0
3372,4.0
3373,5.0
3374,1.0
3375,1.0
3376,12.0
3377,3.0
3378,1.0
3379,47.0
3380,9.0
3381,27.0
3382,1.0
3383,1.0
3384,4909.0
3385,2.0
3386,5.0
3387,2.0
3388,16.0
3389,2.0
3390,107.0
3391,1.0
3392,5.0
3393,1.0
3394,2.0
3395,871.0
3396,2469.0
3397,22.0
3398,1.0
3399,3.0
3400,34.0
3401,59.0
3402,3.0
3403,4.0
3404,8.0
3405,2.0
3406,1.0
3407,1.0
3408,1.0
3409,1.0
3410,2.0
3411,6.0
3412,9.0
3413,3.0
3414,4.0
3415,1.0
3416,1.0
3417,26.0
3418,1.0
3419,1.0
3420,1.0
3421,2578.0
3422,2.0
3423,9936.0
3424,48626.0
3425,1.0
3426,16.0
3427,2.0
3428,91.0
3429,1.0
3430,1.0
3431,1.0
3432,2.0
3433,25.0
3434,1.0
3435,1.0
3436,119.0
3437,1.0
3438,23.0
3439,1.0
3440,6.0
3441,1.0
3442,2.0
3443,88.0
3444,1.0
3445,51.0
3446,2.0
3447,1.0
3448,1.0
3449,39.0
3450,3.0
3451,124.0
3452,1.0
3453,365.0
3454,6.0
3455,1.0
3456,69.0
3457,1.0
3458,1.0
3459,1.0
3460,1.0
3461,1329.0
3462,11169.0
3463,24.0
3464,8.0
3465,1648.0
3466,8.0
3467,1.0
3468,1.0
3469,2.0
3470,225.0
3471,9.0
3472,30.0
3473,5.0
3474,1.0
3475,1155.0
3476,3.0
3477,5.0
3478,11.0
3479,5.0
3480,1.0
3481,1583846.0
3482,9312.0
3483,2.0
3484,4.0
3485,1.0
3486,93.0
3487,2.0
3488,2.0
3489,2.0
3490,2.0
3491,3.0
3492,9.0
3493,53.0
3494,4.0
3495,1.0
3496,1.0
3497,2.0
3498,1.0
3499,124.0
3500,24.0
3501,2.0
3502,1.0
3503,1.0
3504,1.0
3505,1.0
3506,6.0
3507,1.0
3508,3.0
3509,1.0
3510,1.0
3511,1.0
3512,5.0
3513,1.0
3514,7.0
3515,1.0
3516,1.0
3517,1.0
3518,91.0
3519,10488.0
3520,3.0
3521,4.0
3522,1.0
3523,1015.0
3524,15.0
3525,40.0
3526,3.0
3527,1.0
3528,6.0
3529,1.0
3530,4.0
3531,1.0
3532,4.0
3533,1.0
3534,1.0
3535,1.0
3536,1.0
3537,5.0
3538,1.0
3539,70069.0
3540,1.0
3541,1.0
3542,26.0
3543,1.0
3544,1.0
3545,4.0
3546,2.0
3547,1.0
3548,11.0
3549,21.0
3550,1.0
3551,1.0
3552,11.0
3553,16.0
3554,10.0
3555,163.0
3556,8.0
3557,5.0
3558,1.0
3559,2.0
3560,2.0
3561,667.0
3562,1.0
3563,2.0
3564,1.0
3565,8.0
3566,196.0
3567,4.0
3568,5.0
3569,1.0
3570,2.0
3571,3.0
3572,1907.0
3573,1.0
3574,1.0
3575,1.0
3576,680.0
3577,4.0
3578,104190.0
3579,12153.0
3580,1.0
3581,4.0
3582,2.0
3583,1.0
3584,1.0
3585,1.0
3586,1.0
3587,1.0
3588,2.0
3589,1.0
3590,4835.0
3591,27.0
3592,22.0
3593,1.0
3594,1.0
3595,1.0
3596,2.0
3597,3.0
3598,2.0
3599,1.0
3600,160.0
3601,59.0
3602,2.0
3603,1.0
3604,3.0
3605,1.0
3606,3.0
3607,1.0
3608,3.0
3609,1.0
3610,1.0
3611,8.0
3612,1907.0
3613,1.0
3614,1.0
3615,2.0
3616,6.0
3617,44.0
3618,2.0
3619,4.0
3620,1.0
3621,3.0
3622,33.0
3623,1.0
3624,1.0
3625,6.0
3626,28.0
3627,2.0
3628,1.0
3629,6.0
3630,25.0
3631,2.0
3632,1.0
3633,1.0
3634,8.0
3635,7.0
3636,4.0
3637,10.0
3638,8.0
3639,23.0
3640,1.0
3641,4.0
3642,5.0
3643,2.0
3644,10651.0
3645,1.0
3646,1.0
3647,2.0
3648,24.0
3649,1.0
3650,1.0
3651,107.0
3652,1.0
3653,4.0
3654,3.0
3655,2.0
3656,10.0
3657,169.0
3658,18.0
3659,15.0
3660,51.0
3661,1.0
3662,1.0
3663,11.0
3664,14.0
3665,1.0
3666,2.0
3667,1.0
3668,28.0
3669,1.0
3670,1.0
3671,1185.0
3672,4.0
3673,62455.0
3674,14.0
3675,3.0
3676,5.0
3677,3.0
3678,190.0
3679,2.0
3680,125.0
3681,1.0
3682,1.0
3683,3.0
3684,1.0
3685,20.0
3686,4.0
3687,1.0
3688,1.0
3689,1.0
3690,2.0
3691,3.0
3692,3.0
3693,2.0
3694,2.0
3695,1.0
3696,1.0
3697,14.0
3698,1.0
3699,107.0
3700,3.0
3701,1.0
3702,3.0
3703,93.0
3704,8351.0
3705,3.0
3706,4.0
3707,1.0
3708,8.0
3709,3.0
3710,1.0
3711,1.0
3712,622.0
3713,169.0
3714,11.0
3715,2.0
3716,5.0
3717,107.0
3718,1.0
3719,3.0
3720,1.0
3721,5.0
3722,1.0
3723,21.0
3724,3.0
3725,9936.0
3726,7.0
3727,1.0
3728,1.0
3729,503.0
3730,1.0
3731,5.0
3732,2.0
3733,1.0
3734,10651.0
3735,3.0
3736,6.0
3737,2.0
3738,2.0
3739,1.0
3740,1.0
3741,1.0
3742,3.0
3743,2.0
3744,1.0
3745,6.0
3746,1.0
3747,1.0
3748,10997.0
3749,1.0
3750,1.0
3751,6.0
3752,1.0
3753,1.0
3754,1.0
3755,1.0
3756,13.0
3757,3.0
3758,10651.0
3759,6.0
3760,1.0
3761,3.0
3762,1.0
3763,150.0
3764,4.0
3765,34.0
3766,1.0
3767,1.0
3768,14923.0
3769,1.0
3770,22.0
3771,723.0
3772,1.0
3773,6.0
3774,1.0
3775,4.0
3776,21.0
3777,30.0
3778,1.0
3779,1.0
3780,2.0
3781,2.0
3782,107.0
3783,1.0
3784,4.0
3785,1.0
3786,1.0
3787,814.0
3788,2023.0
3789,1.0
3790,1.0
3791,2.0
3792,2.0
3793,1.0
3794,1.0
3795,66.0
3796,1.0
3797,4.0
3798,95.0
3799,1.0
3800,47.0
3801,2.0
3802,18.0
3803,2.0
3804,1.0
3805,1.0
3806,11.0
3807,1.0
3808,2094.0
3809,1.0
3810,17.0
3811,1.0
3812,1.0
3813,417.0
3814,3.0
3815,13.0
3816,1.0
3817,3.0
3818,13038.0
3819,1.0
3820,7208.0
3821,9.0
3822,103.0
3823,3.0
3824,1.0
3825,3.0
3826,1.0
3827,1.0
3828,6.0
3829,1.0
3830,84.0
3831,1.0
3832,8.0
3833,1.0
3834,3.0
3835,2.0
3836,1.0
3837,2.0
3838,1.0
3839,3.0
3840,1.0
3841,39.0
3842,1.0
3843,2.0
3844,12249.0
3845,2.0
3846,1.0
3847,14.0
3848,124.0
3849,1.0
3850,15.0
3851,3.0
3852,2.0
3853,2.0
3854,1.0
3855,4.0
3856,1.0
3857,5390.0
3858,2.0
3859,1.0
3860,1.0
3861,1462.0
3862,1.0
3863,5.0
3864,5.0
3865,1.0
3866,1.0
3867,7.0
3868,16.0
3869,2.0
3870,1.0
3871,1.0
3872,1.0
3873,2.0
3874,4.0
3875,512.0
3876,2.0
3877,2.0
3878,7904.0
3879,3.0
3880,1.0
3881,7.0
3882,1.0
3883,1.0
3884,3.0
3885,1.0
3886,3.0
3887,3.0
3888,1.0
3889,2.0
3890,2161.0
3891,1.0
3892,1.0
3893,1.0
3894,10.0
3895,1.0
3896,1.0
3897,8.0
3898,1.0
3899,2.0
3900,5.0
3901,12.0
3902,1.0
3903,8.0
3904,1.0
3905,6.0
3906,1.0
3907,1.0
3908,12.0
3909,18.0
3910,1.0
3911,1.0
3912,1.0
3913,1.0
3914,3.0
3915,1.0
3916,4.0
3917,5.0
3918,2.0
3919,92955.0
3920,1.0
3921,2.0
3922,6.0
3923,2.0
3924,5.0
3925,1.0
3926,3.0
3927,1.0
3928,1.0
3929,1.0
3930,1.0
3931,581.0
3932,33.0
3933,1.0
3934,1.0
3935,296.0
3936,1.0
3937,6020.0
3938,2.0
3939,2.0
3940,3.0
3941,7.0
3942,3.0
3943,6.0
3944,49.0
3945,1.0
3946,1.0
3947,21.0
3948,1.0
3949,2.0
3950,2.0
3951,1.0
3952,1.0
3953,28.0
3954,2.0
3955,1.0
3956,124.0
3957,2.0
3958,8351.0
3959,1.0
3960,2.0
3961,2136.0
3962,19.0
3963,1.0
3964,1.0
3965,6.0
3966,1.0
3967,8.0
3968,293.0
3969,5.0
3970,1.0
3971,1.0
3972,1.0
3973,7.0
3974,39.0
3975,1.0
3976,15.0
3977,2.0
3978,2.0
3979,1.0
3980,2.0
3981,3.0
3982,1.0
3983,2.0
3984,1.0
3985,2.0
3986,1.0
3987,5.0
3988,25.0
3989,2.0
3990,5.0
3991,1.0
3992,2.0
3993,417.0
3994,1.0
3995,33.0
3996,1000.0
3997,3.0
3998,1.0
3999,1.0
4000,2.0
4001,1.0
4002,2.0
4003,1.0
4004,1.0
4005,1.0
4006,2.0
4007,1.0
4008,1.0
4009,2.0
4010,4.0
4011,1.0
4012,4792.0
4013,16.0
4014,1.0
4015,666.0
4016,5.0
4017,1.0
4018,1.0
4019,1.0
4020,4792.0
4021,12.0
4022,2.0
4023,1.0
4024,2.0
4025,1.0
4026,4.0
4027,9.0
4028,15.0
4029,22.0
4030,3.0
4031,14.0
4032,1.0
4033,526.0
4034,1.0
4035,2.0
4036,4.0
4037,1.0
4038,14.0
4039,11.0
4040,1.0
4041,1.0
4042,1.0
4043,1.0
4044,1.0
4045,2.0
4046,2.0
4047,2.0
4048,1.0
4049,2.0
4050,2.0
4051,1.0
4052,1.0
4053,12.0
4054,14.0
4055,1.0
4056,12.0
4057,14.0
4058,2.0
4059,7.0
4060,1.0
4061,120.0
4062,17537.0
4063,1.0
4064,1.0
4065,2.0
4066,2469.0
4067,1.0
4068,2.0
4069,2.0
4070,2.0
4071,2.0
4072,4.0
4073,1.0
4074,1.0
4075,1.0
4076,3.0
4077,10.0
4078,2.0
4079,8351.0
4080,1.0
4081,1.0
4082,2.0
4083,3.0
4084,18.0
4085,2.0
4086,48626.0
4087,862.0
4088,1.0
4089,23137.0
4090,5.0
4091,1.0
4092,1.0
4093,1.0
4094,69.0
4095,1.0
4096,50157.0
4097,1.0
4098,1.0
4099,1.0
4100,22.0
4101,1.0
4102,5.0
4103,1.0
4104,2.0
4105,1.0
4106,3.0
4107,1.0
4108,2.0
4109,3.0
4110,3.0
4111,7.0
4112,3.0
4113,1.0
4114,16903.0
4115,3.0
4116,1.0
4117,5.0
4118,1.0
4119,2210.0
4120,7626.0
4121,1.0
4122,622.0
4123,1.0
4124,1.0
4125,1.0
4126,22.0
4127,1.0
4128,2.0
4129,1.0
4130,1.0
4131,1.0
4132,1.0
4133,39.0
4134,3.0
4135,124.0
4136,1.0
4137,3.0
4138,1.0
4139,16.0
4140,1.0
4141,2.0
4142,70.0
4143,1.0
4144,152.0
4145,10.0
4146,4909.0
4147,67540.0
4148,12.0
4149,1.0
4150,1.0
4151,9.0
4152,40.0
4153,84.0
4154,31.0
4155,3.0
4156,1.0
4157,18.0
4158,73.0
4159,23137.0
4160,1.0
4161,1.0
4162,22.0
4163,1.0
4164,4.0
4165,8.0
4166,27.0
4167,4.0
4168,2.0
4169,6.0
4170,3.0
4171,5.0
4172,4.0
4173,3.0
4174,4.0
4175,1.0
4176,1.0
4177,2.0
4178,4.0
4179,1.0
4180,9972.0
4181,1.0
4182,1.0
4183,1.0
4184,1.0
4185,5.0
4186,1.0
4187,194.0
4188,1.0
4189,1.0
4190,7.0
4191,9972.0
4192,3.0
4193,15.0
4194,1.0
4195,3.0
4196,5.0
4197,1.0
4198,1.0
4199,3.0
4200,2.0
4201,70069.0
4202,24.0
4203,1.0
4204,1.0
4205,3.0
4206,2.0
4207,1.0
4208,2578.0
4209,1.0
4210,3.0
4211,1.0
4212,7012.0
4213,1.0
4214,2.0
4215,20.0
4216,1.0
4217,3.0
4218,3.0
4219,1.0
4220,1.0
4221,12.0
4222,2.0
4223,8.0
4224,3.0
4225,23.0
4226,1.0
4227,1.0
4228,1.0
4229,4.0
4230,1.0
4231,1.0
4232,29.0
4233,1.0
4234,1.0
4235,50157.0
4236,2.0
4237,1.0
4238,51.0
4239,1.0
4240,1.0
4241,14.0
4242,2.0
4243,1.0
4244,20.0
4245,42.0
4246,22.0
4247,18.0
4248,1.0
4249,1.0
4250,17758.0
4251,1.0
4252,3.0
4253,1.0
4254,2.0
4255,1.0
4256,1.0
4257,20.0
4258,6.0
4259,3.0
4260,1.0
4261,1.0
4262,107.0
4263,3.0
4264,2.0
4265,1.0
4266,1.0
4267,2578.0
4268,2.0
4269,7.0
4270,1.0
4271,1.0
4272,30.0
4273,1.0
4274,10.0
4275,47.0
4276,1.0
4277,1.0
4278,1.0
4279,7.0
4280,1.0
4281,5.0
4282,5.0
4283,1.0
4284,11169.0
4285,1.0
4286,2.0
4287,1.0
4288,5.0
4289,1.0
4290,1.0
4291,1.0
4292,7.0
4293,1.0
4294,1.0
4295,4.0
4296,1.0
4297,6.0
4298,1.0
4299,8.0
4300,2578.0
4301,24.0
4302,1.0
4303,14.0
4304,2.0
4305,1.0
4306,2.0
4307,107.0
4308,8.0
4309,1.0
4310,1.0
4311,1.0
4312,3.0
4313,107.0
4314,1.0
4315,3.0
4316,2.0
4317,1.0
4318,1.0
4319,1.0
4320,1.0
4321,1.0
4322,1.0
4323,14.0
4324,37.0
4325,1.0
4326,1.0
4327,1.0
4328,1.0
4329,1.0
4330,9.0
4331,1.0
4332,14.0
4333,2.0
4334,2.0
4335,4.0
4336,1.0
4337,107.0
4338,4.0
4339,1.0
4340,152.0
4341,723.0
4342,4.0
4343,1.0
4344,6.0
4345,1.0
4346,862.0
4347,1.0
4348,1.0
4349,24.0
4350,3.0
4351,88.0
4352,2.0
4353,1.0
4354,1.0
4355,12.0
4356,14.0
4357,1.0
4358,2.0
4359,1.0
4360,3.0
4361,9.0
4362,3.0
4363,2.0
4364,25.0
4365,2.0
4366,2578.0
4367,1.0
4368,9333.0
4369,73.0
4370,1.0
4371,4.0
4372,50157.0
4373,3.0
4374,3.0
4375,2.0
4376,377.0
4377,1.0
4378,1.0
4379,107.0
4380,1.0
4381,1.0
4382,14.0
4383,13.0
4384,723.0
4385,1176.0
4386,1.0
4387,1.0
4388,10.0
4389,1.0
4390,2.0
4391,1.0
4392,15.0
4393,1.0
4394,4.0
4395,1.0
4396,124.0
4397,8.0
4398,1.0
4399,11.0
4400,39.0
4401,7.0
4402,11.0
4403,1.0
4404,3.0
4405,12.0
4406,3.0
4407,30.0
4408,2.0
4409,22.0
4410,4.0
4411,1.0
4412,2.0
4413,2.0
4414,1.0
4415,1.0
4416,6.0
4417,1.0
4418,6.0
4419,44.0
4420,1.0
4421,7.0
4422,4.0
4423,50157.0
4424,2.0
4425,5.0
4426,1.0
4427,1.0
4428,5.0
4429,1.0
4430,4.0
4431,16.0
4432,1.0
4433,1.0
4434,6.0
4435,14.0
4436,11.0
4437,417.0
4438,17183.0
4439,1.0
4440,6.0
4441,6.0
4442,1.0
4443,1.0
4444,1.0
4445,6.0
4446,14.0
4447,27.0
4448,1.0
4449,1.0
4450,14.0
4451,1.0
4452,5.0
4453,3.0
4454,7.0
4455,3.0
4456,93.0
4457,3.0
4458,1.0
4459,1.0
4460,6.0
4461,3.0
4462,1.0
4463,1.0
4464,1.0
4465,2370.0
4466,3.0
4467,3.0
4468,1.0
4469,1.0
4470,1.0
4471,2.0
4472,5.0
4473,4.0
4474,3.0
4475,2.0
4476,3.0
4477,95.0
4478,1.0
4479,7.0
4480,5.0
4481,4.0
4482,1.0
4483,14.0
4484,6.0
4485,1.0
4486,2.0
4487,3.0
4488,26.0
4489,5390.0
4490,1.0
4491,5.0
4492,7.0
4493,7.0
4494,18.0
4495,1.0
4496,1.0
4497,145.0
4498,9.0
4499,54.0
4500,1.0
4501,84.0
4502,4.0
4503,2.0
4504,28.0
4505,6.0
4506,1.0
4507,21.0
4508,1.0
4509,1.0
4510,1.0
4511,1.0
4512,4.0
4513,3.0
4514,17.0
4515,1.0
4516,1.0
4517,1.0
4518,1.0
4519,1.0
4520,3.0
4521,3.0
4522,5.0
4523,8.0
4524,9516.0
4525,62455.0
4526,86.0
4527,1.0
4528,9.0
4529,1.0
4530,1.0
4531,1.0
4532,1.0
4533,3.0
4534,4.0
4535,95.0
4536,2.0
4537,163.0
4538,3.0
4539,14.0
4540,1687.0
4541,1.0
4542,1.0
4543,1.0
4544,1.0
4545,1.0
4546,162.0
4547,1.0
4548,2.0
4549,1.0
4550,1.0
4551,1.0
4552,1.0
4553,7.0
4554,2.0
4555,1.0
4556,2.0
4557,2.0
4558,24.0
4559,1.0
4560,12.0
4561,1.0
4562,2.0
4563,1.0
4564,1.0
4565,3.0
4566,2578.0
4567,2.0
4568,1.0
4569,5.0
4570,7.0
4571,9.0
4572,1.0
4573,3.0
4574,2.0
4575,1.0
4576,2.0
4577,14.0
4578,2.0
4579,1.0
4580,10.0
4581,4.0
4582,31.0
4583,15.0
4584,1.0
4585,3.0
4586,2.0
4587,2.0
4588,2.0
4589,22.0
4590,2.0
4591,10.0
4592,1.0
4593,1.0
4594,1.0
4595,7.0
4596,1.0
4597,2.0
4598,1.0
4599,1.0
4600,200.0
4601,1.0
4602,62455.0
4603,1.0
4604,1.0
4605,2.0
4606,12.0
4607,2.0
4608,4.0
4609,1.0
4610,1.0
4611,2.0
4612,5.0
4613,1.0
4614,12.0
4615,11.0
4616,683.0
4617,18.0
4618,2.0
4619,1.0
4620,3.0
4621,5.0
4622,8.0
4623,3.0
4624,5.0
4625,1.0
4626,2.0
4627,1.0
4628,3.0
4629,6.0
4630,9.0
4631,1.0
4632,1.0
4633,40285.0
4634,73.0
4635,3.0
4636,2.0
4637,2.0
4638,1.0
4639,1.0
4640,1.0
4641,1.0
4642,1.0
4643,5.0
4644,7.0
4645,1.0
4646,33.0
4647,27.0
4648,1.0
4649,4.0
4650,1.0
4651,19.0
4652,1.0
4653,176.0
4654,1754.0
4655,1.0
4656,3.0
4657,22.0
4658,97.0
4659,1.0
4660,1.0
4661,1.0
4662,1.0
4663,4.0
4664,29.0
4665,1.0
4666,7.0
4667,2.0
4668,1.0
4669,1.0
4670,3008.0
4671,13.0
4672,1.0
4673,2.0
4674,1.0
4675,3.0
4676,145.0
4677,12.0
4678,1.0
4679,1.0
4680,1.0
4681,55663.0
4682,1.0
4683,4.0
4684,1.0
4685,9.0
4686,2.0
4687,1.0
4688,1.0
4689,5.0
4690,1.0
4691,1.0
4692,3505.0
4693,305.0
4694,1.0
4695,51.0
4696,4.0
4697,431.0
4698,417.0
4699,7.0
4700,1.0
4701,1.0
4702,1.0
4703,4.0
4704,1.0
4705,70069.0
4706,1.0
4707,1.0
4708,91.0
4709,2.0
4710,31.0
4711,73.0
4712,4.0
4713,3.0
4714,1.0
4715,1.0
4716,97.0
4717,13.0
4718,1.0
4719,1.0
4720,5.0
4721,1.0
4722,18.0
4723,1.0
4724,107.0
4725,4.0
4726,3.0
4727,24.0
4728,1.0
4729,1.0
4730,2.0
4731,14.0
4732,1.0
4733,3.0
4734,1.0
4735,1.0
4736,1.0
4737,2.0
4738,1.0
4739,1.0
4740,385.0
4741,3.0
4742,1.0
4743,1.0
4744,1.0
4745,1.0
4746,3.0
4747,2.0
4748,2.0
4749,1.0
4750,1.0
4751,9.0
4752,5.0
4753,1.0
4754,1.0
4755,1.0
4756,3.0
4757,5.0
4758,7.0
4759,1.0
4760,1.0
4761,6.0
4762,1.0
4763,7.0
4764,1.0
4765,1.0
4766,7.0
4767,1.0
4768,5.0
4769,871.0
4770,37.0
4771,10.0
4772,1346.0
4773,1.0
4774,12.0
4775,1.0
4776,1.0
4777,1.0
4778,4.0
4779,1.0
4780,1.0
4781,1.0
4782,2.0
4783,6.0
4784,5.0
4785,1.0
4786,453.0
4787,13585.0
4788,3218.0
4789,1.0
4790,1.0
4791,15.0
4792,1.0
4793,93.0
4794,7.0
4795,3.0
4796,3687.0
4797,3.0
4798,1.0
4799,1.0
4800,2.0
4801,2.0
4802,1.0
4803,1.0
4804,2.0
4805,6.0
4806,176.0
4807,13.0
4808,2.0
4809,2.0
4810,5.0
4811,1.0
4812,2.0
4813,1.0
4814,2.0
4815,1.0
4816,4.0
4817,1.0
4818,862.0
4819,2.0
4820,9994.0
4821,9.0
4822,1.0
4823,5408.0
4824,4.0
4825,9.0
4826,190.0
4827,1.0
4828,1.0
4829,1.0
4830,1.0
4831,3.0
4832,1.0
4833,124.0
4834,27.0
4835,1.0
4836,31.0
4837,3.0
4838,2.0
4839,2.0
4840,3.0
4841,3.0
4842,2.0
4843,1.0
4844,3.0
4845,3.0
4846,1.0
4847,1.0
4848,2469.0
4849,1.0
4850,1.0
4851,1.0
4852,155.0
4853,3.0
4854,3.0
4855,5.0
4856,2.0
4857,1.0
4858,1.0
4859,1.0
4860,1.0
4861,1.0
4862,17.0
4863,3.0
4864,21.0
4865,13.0
4866,41.0
4867,14.0
4868,25.0
4869,2.0
4870,2877.0
4871,14.0
4872,3.0
4873,1.0
4874,1.0
4875,1.0
4876,69.0
4877,6.0
4878,35894.0
4879,163.0
4880,2.0
4881,1.0
4882,1.0
4883,2.0
4884,1.0
4885,1.0
4886,1.0
4887,1.0
4888,1.0
4889,1.0
4890,2578.0
4891,9083.0
4892,1.0
4893,2578.0
4894,12.0
4895,1.0
4896,1.0
4897,1.0
4898,1.0
4899,1.0
4900,1.0
4901,1.0
4902,20.0
4903,7.0
4904,10.0
4905,1.0
4906,22.0
4907,1.0
4908,6.0
4909,7.0
4910,2.0
4911,1.0
4912,1.0
4913,5.0
4914,7.0
4915,1.0
4916,2.0
4917,12.0
4918,1.0
4919,1.0
4920,1.0
4921,33.0
4922,17.0
4923,1.0
4924,1.0
4925,3.0
4926,2.0
4927,4.0
4928,3.0
4929,14398.0
4930,2.0
4931,6.0
4932,2.0
4933,1.0
4934,4.0
4935,8.0
4936,12.0
4937,4.0
4938,1.0
4939,1.0
4940,1.0
4941,4.0
4942,163.0
4943,8.0
4944,95.0
4945,28.0
4946,2.0
4947,1.0
4948,9.0
4949,2.0
4950,2578.0
4951,6090.0
4952,1.0
4953,3.0
4954,1.0
4955,2578.0
4956,3.0
4957,14.0
4958,2.0
4959,3.0
4960,6.0
4961,93.0
4962,1.0
4963,1.0
4964,1.0
4965,3.0
4966,1.0
4967,1.0
4968,1.0
4969,1.0
4970,1.0
4971,1.0
4972,1.0
4973,14350.0
4974,1.0
4975,1.0
4976,1.0
4977,1.0
4978,1.0
4979,1.0
4980,2.0
4981,124.0
4982,2.0
4983,1.0
4984,1.0
4985,1.0
4986,1.0
4987,1.0
4988,2.0
4989,1.0
4990,3.0
4991,1.0
4992,1.0
4993,3.0
4994,107.0
4995,1.0
4996,3.0
4997,124.0
4998,1.0
4999,31229.0
5000,1.0
5001,1.0
5002,40.0
5003,1.0
5004,1.0
5005,1.0
5006,1.0
5007,3.0
5008,1.0
5009,4.0
5010,1.0
5011,39.0
5012,53.0
5013,3.0
5014,1.0
5015,1.0
5016,6.0
5017,1.0
5018,1.0
5019,2.0
5020,23.0
5021,1.0
5022,39.0
5023,2.0
5024,1.0
5025,14.0
5026,1.0
5027,22.0
5028,4.0
5029,4.0
5030,1.0
5031,1.0
5032,2.0
5033,116.0
5034,50157.0
5035,1.0
5036,10.0
5037,1.0
5038,67.0
5039,1.0
5040,1.0
5041,1.0
5042,1.0
5043,3.0
5044,1.0
5045,97.0
5046,5.0
5047,3.0
5048,2.0
5049,1.0
5050,1.0
5051,93.0
5052,7.0
5053,8.0
5054,7.0
5055,43.0
5056,8.0
5057,1.0
5058,97.0
5059,22.0
5060,1.0
5061,1.0
5062,1.0
5063,5.0
5064,50157.0
5065,10488.0
5066,107.0
5067,1.0
5068,4.0
5069,2.0
5070,1.0
5071,1.0
5072,1.0
5073,1.0
5074,1.0
5075,66.0
5076,1.0
5077,2.0
5078,1.0
5079,1.0
5080,40.0
5081,2.0
5082,862.0
5083,12.0
5084,1.0
5085,1.0
5086,2.0
5087,6.0
5088,1.0
5089,1.0
5090,5.0
5091,3.0
5092,6.0
5093,1.0
5094,2.0
5095,20.0
5096,1.0
5097,2.0
5098,2.0
5099,1.0
5100,4.0
5101,11.0
5102,2.0
5103,2.0
5104,6.0
5105,1.0
5106,1.0
5107,4.0
5108,1.0
5109,1.0
5110,1.0
5111,15.0
5112,36.0
5113,1.0
5114,25.0
5115,1.0
5116,2.0
5117,1.0
5118,1.0
5119,22.0
5120,9.0
5121,1.0
5122,3.0
5123,1.0
5124,1.0
5125,2.0
5126,13.0
5127,1.0
5128,1.0
5129,3.0
5130,93.0
5131,4.0
5132,2578.0
5133,3.0
5134,105.0
5135,1.0
5136,2.0
5137,62455.0
5138,1.0
5139,1.0
5140,1.0
5141,10.0
5142,48626.0
5143,1.0
5144,1.0
5145,1.0
5146,2.0
5147,1.0
5148,93.0
5149,6.0
5150,1.0
5151,22.0
5152,4.0
5153,1.0
5154,2.0
5155,1.0
5156,1.0
5157,1.0
5158,2.0
5159,2.0
5160,14.0
5161,3.0
5162,5.0
5163,124.0
5164,7.0
5165,1.0
5166,2.0
5167,1.0
5168,2.0
5169,4050.0
5170,2.0
5171,1.0
5172,2.0
5173,11.0
5174,2.0
5175,1.0
5176,5.0
5177,8.0
5178,1.0
5179,1.0
5180,1.0
5181,1.0
5182,415.0
5183,6.0
5184,6.0
5185,3.0
5186,1.0
5187,1907.0
5188,1.0
5189,4.0
5190,2.0
5191,51.0
5192,13.0
5193,1.0
5194,18.0
5195,22.0
5196,2.0
5197,1.0
5198,1.0
5199,2.0
5200,16.0
5201,1.0
5202,2.0
5203,1.0
5204,1.0
5205,17.0
5206,2.0
5207,5.0
5208,2.0
5209,2.0
5210,1.0
5211,79.0
5212,1.0
5213,2.0
5214,2.0
5215,1.0
5216,1.0
5217,1.0
5218,1.0
5219,1.0
5220,1.0
5221,2.0
5222,1.0
5223,88.0
5224,1.0
5225,93.0
5226,8.0
5227,3.0
5228,1.0
5229,1.0
5230,3.0
5231,5.0
5232,3.0
5233,2154.0
5234,1.0
5235,3.0
5236,1.0
5237,296.0
5238,1.0
5239,2.0
5240,1.0
5241,13.0
5242,6.0
5243,1.0
5244,1.0
5245,4.0
5246,1.0
5247,1.0
5248,25.0
5249,1.0
5250,2.0
5251,1.0
5252,2.0
5253,1.0
5254,1.0
5255,1.0
5256,7.0
5257,1.0
5258,2.0
5259,1.0
5260,1.0
5261,2.0
5262,93.0
5263,18.0
5264,1.0
5265,2.0
5266,1.0
5267,51.0
5268,14.0
5269,7.0
5270,1.0
5271,1.0
5272,1.0
5273,2.0
5274,10.0
5275,3.0
5276,14.0
5277,1.0
5278,1.0
5279,2.0
5280,4.0
5281,1.0
5282,1.0
5283,3.0
5284,1.0
5285,1.0
5286,35894.0
5287,8.0
5288,1.0
5289,1.0
5290,1.0
5291,2.0
5292,50.0
5293,4.0
5294,4.0
5295,3.0
5296,4.0
5297,2.0
5298,1.0
5299,1.0
5300,6.0
5301,1.0
5302,1.0
5303,53.0
5304,1.0
5305,2.0
5306,1.0
5307,1.0
5308,1.0
5309,673.0
5310,12.0
5311,1.0
5312,38579.0
5313,25.0
5314,1.0
5315,1.0
5316,1.0
5317,2.0
5318,1.0
5319,1.0
5320,730.0
5321,1.0
5322,1.0
5323,7.0
5324,7.0
5325,1.0
5326,18095.0
5327,1.0
5328,51.0
5329,5.0
5330,3.0
5331,3773.0
5332,3.0
5333,2.0
5334,22.0
5335,8.0
5336,95.0
5337,22.0
5338,6.0
5339,673.0
5340,3.0
5341,22.0
5342,11.0
5343,25667.0
5344,2.0
5345,1.0
5346,1.0
5347,1.0
5348,5.0
5349,1.0
5350,11.0
5351,1.0
5352,1.0
5353,1.0
5354,21.0
5355,51.0
5356,1909.0
5357,124.0
5358,4.0
5359,9972.0
5360,13.0
5361,2.0
5362,1.0
5363,10.0
5364,14.0
5365,1.0
5366,23.0
5367,1.0
5368,1.0
5369,2.0
5370,1.0
5371,2.0
5372,1.0
5373,4.0
5374,2.0
5375,1.0
5376,3.0
5377,673.0
5378,2.0
5379,2.0
5380,14.0
5381,2.0
5382,2.0
5383,1.0
5384,7.0
5385,2.0
5386,8.0
5387,25528.0
5388,2633.0
5389,1.0
5390,5.0
5391,8.0
5392,2.0
5393,70069.0
5394,174.0
5395,1.0
5396,2.0
5397,1.0
5398,2.0
5399,120.0
5400,1.0
5401,1.0
5402,1.0
5403,355.0
5404,17.0
5405,1.0
5406,4.0
5407,4.0
5408,1.0
5409,1.0
5410,1.0
5411,3.0
5412,1.0
5413,1.0
5414,15754.0
5415,1.0
5416,2.0
5417,1.0
5418,1.0
5419,3.0
5420,1.0
5421,3.0
5422,4.0
5423,1.0
5424,1.0
5425,1.0
5426,1.0
5427,1.0
5428,1.0
5429,43534.0
5430,1.0
5431,9157.0
5432,4.0
5433,12.0
5434,24.0
5435,1.0
5436,32187.0
5437,1.0
5438,1.0
5439,93.0
5440,1823.0
5441,1.0
5442,1.0
5443,38.0
5444,1.0
5445,3.0
5446,12.0
5447,39.0
5448,1.0
5449,4.0
5450,39.0
5451,124.0
5452,1.0
5453,1.0
5454,2.0
5455,8.0
5456,4.0
5457,10.0
5458,1.0
5459,1.0
5460,2.0
5461,70069.0
5462,17183.0
5463,1.0
5464,1.0
5465,1.0
5466,4.0
5467,1.0
5468,1.0
5469,6.0
5470,1.0
5471,2.0
5472,5.0
5473,3.0
5474,143638.0
5475,4.0
5476,1.0
5477,213.0
5478,1.0
5479,1.0
5480,11.0
5481,7208.0
5482,1.0
5483,1.0
5484,5.0
5485,1.0
5486,2.0
5487,1.0
5488,1.0
5489,1.0
5490,1.0
5491,4.0
5492,4.0
5493,1.0
5494,7.0
5495,19.0
5496,2.0
5497,3.0
5498,1.0
5499,577.0
5500,1.0
5501,1.0
5502,8.0
5503,1.0
5504,1.0
5505,1.0
5506,18.0
5507,21767.0
5508,2.0
5509,1.0
5510,1.0
5511,1.0
5512,2.0
5513,1.0
5514,4.0
5515,19.0
5516,3.0
5517,1.0
5518,33.0
5519,3.0
5520,2.0
5521,53.0
5522,1.0
5523,18.0
5524,26.0
5525,1.0
5526,3.0
5527,1.0
5528,16299.0
5529,3.0
5530,1.0
5531,2520.0
5532,1.0
5533,1.0
5534,2.0
5535,2.0
5536,1.0
5537,28.0
5538,1.0
5539,1.0
5540,377.0
5541,1.0
5542,577.0
5543,5.0
5544,1.0
5545,1.0
5546,7.0
5547,1.0
5548,21.0
5549,1.0
5550,3.0
5551,1.0
5552,3.0
5553,862.0
5554,2.0
5555,70069.0
5556,13.0
5557,1.0
5558,33.0
5559,1.0
5560,1.0
5561,23.0
5562,12.0
5563,15.0
5564,3.0
5565,1.0
5566,1.0
5567,3.0
5568,1.0
5569,1.0
5570,1.0
5571,1.0
5572,2.0
5573,12.0
5574,95.0
5575,47.0
5576,1.0
5577,95.0
5578,4.0
5579,3.0
5580,1.0
5581,10.0
5582,1.0
5583,1.0
5584,1.0
5585,1.0
5586,1.0
5587,2.0
5588,1.0
5589,70069.0
5590,2.0
5591,1.0
5592,1.0
5593,1.0
5594,1.0
5595,22.0
5596,17.0
5597,1.0
5598,1.0
5599,2.0
5600,5.0
5601,1.0
5602,1.0
5603,1.0
5604,18.0
5605,3.0
5606,1.0
5607,2.0
5608,1.0
5609,4.0
5610,1.0
5611,2.0
5612,2.0
5613,1.0
5614,4.0
5615,2.0
5616,2.0
5617,1.0
5618,1.0
5619,1.0
5620,1.0
5621,1.0
5622,5408.0
5623,3.0
5624,1.0
5625,2.0
5626,162.0
5627,1.0
5628,276.0
5629,24.0
5630,3.0
5631,683.0
5632,168.0
5633,1.0
5634,163.0
5635,1.0
5636,2370.0
5637,2.0
5638,3.0
5639,63.0
5640,4.0
5641,939.0
5642,1.0
5643,4.0
5644,6.0
5645,1.0
5646,3.0
5647,730.0
5648,15.0
5649,1.0
5650,3.0
5651,124.0
5652,1.0
5653,1.0
5654,12.0
5655,2.0
5656,4.0
5657,1.0
5658,1.0
5659,2.0
5660,6.0
5661,1.0
5662,1.0
5663,2.0
5664,1.0
5665,3.0
5666,2.0
5667,2.0
5668,2.0
5669,5.0
5670,2.0
5671,1.0
5672,579.0
5673,1.0
5674,2.0
5675,7.0
5676,1.0
5677,1.0
5678,1.0
5679,3.0
5680,1.0
5681,1.0
5682,1.0
5683,1.0
5684,9936.0
5685,14.0
5686,6.0
5687,5.0
5688,1.0
5689,1.0
5690,1.0
5691,1.0
5692,1.0
5693,1.0
5694,1.0
5695,1.0
5696,2.0
5697,1.0
5698,1.0
5699,1.0
5700,1.0
5701,1.0
5702,2.0
5703,2.0
5704,1.0
5705,10651.0
5706,28.0
5707,2.0
5708,7.0
5709,1.0
5710,1.0
5711,5.0
5712,1.0
5713,91.0
5714,3.0
5715,70069.0
5716,439.0
5717,3.0
5718,1.0
5719,1.0
5720,6.0
5721,47.0
5722,1.0
5723,1.0
5724,1.0
5725,107.0
5726,88.0
5727,1.0
5728,14.0
5729,1.0
5730,1.0
5731,1.0
5732,26.0
5733,3.0
5734,120.0
5735,1.0
5736,11.0
5737,9.0
5738,1.0
5739,3.0
5740,6.0
5741,1.0
5742,116.0
5743,8.0
5744,1.0
5745,3.0
5746,1.0
5747,1.0
5748,1.0
5749,1.0
5750,1.0
5751,5.0
5752,107.0
5753,1.0
5754,1.0
5755,1.0
5756,276.0
5757,1.0
5758,1.0
5759,8.0
5760,1.0
5761,3.0
5762,1.0
5763,1.0
5764,1.0
5765,1.0
5766,1.0
5767,1.0
5768,2.0
5769,1.0
5770,2.0
5771,1.0
5772,95.0
5773,1.0
5774,3.0
5775,1.0
5776,1.0
5777,1.0
5778,1.0
5779,1.0
5780,7.0
5781,1.0
5782,4.0
5783,11.0
5784,1.0
5785,60.0
5786,1.0
5787,1.0
5788,2.0
5789,47.0
5790,23.0
5791,9.0
5792,5.0
5793,2.0
5794,862.0
5795,1.0
5796,88.0
5797,1.0
5798,2.0
5799,1.0
5800,1.0
5801,107.0
5802,1.0
5803,10.0
5804,10.0
5805,1.0
5806,1.0
5807,1.0
5808,1.0
5809,1.0
5810,1.0
5811,2.0
5812,1.0
5813,1.0
5814,2.0
5815,3.0
5816,32.0
5817,1.0
5818,1.0
5819,1.0
5820,4.0
5821,2.0
5822,3.0
5823,1.0
5824,6.0
5825,1.0
5826,37.0
5827,4.0
5828,1.0
5829,6.0
5830,1.0
5831,3.0
5832,1.0
5833,1.0
5834,1.0
5835,1.0
5836,1.0
5837,1.0
5838,2.0
5839,3.0
5840,1.0
5841,1.0
5842,2520.0
5843,1.0
5844,18.0
5845,1.0
5846,1.0
5847,2.0
5848,1.0
5849,5931.0
5850,49.0
5851,4.0
5852,14.0
5853,1.0
5854,4.0
5855,1.0
5856,2.0
5857,88.0
5858,1.0
5859,24.0
5860,22.0
5861,2.0
5862,3.0
5863,3.0
5864,2.0
5865,1.0
5866,8.0
5867,1.0
5868,1.0
5869,1.0
5870,1.0
5871,1.0
5872,1.0
5873,6.0
5874,3.0
5875,2.0
5876,9.0
5877,1624.0
5878,2.0
5879,169.0
5880,2.0
5881,12.0
5882,1.0
5883,2.0
5884,3.0
5885,3.0
5886,50157.0
5887,1.0
5888,9.0
5889,152.0
5890,1.0
5891,1.0
5892,2.0
5893,1.0
5894,12.0
5895,2.0
5896,2.0
5897,1.0
5898,2.0
5899,1.0
5900,2.0
5901,1.0
5902,13.0
5903,18.0
5904,2.0
5905,3.0
5906,4.0
5907,1.0
5908,21.0
5909,23.0
5910,2.0
5911,1.0
5912,1.0
5913,4.0
5914,19.0
5915,1.0
5916,1.0
5917,1.0
5918,10651.0
5919,13.0
5920,1.0
5921,3.0
5922,1.0
5923,13.0
5924,4.0
5925,208.0
5926,6.0
5927,28.0
5928,1.0
5929,3.0
5930,51.0
5931,1.0
5932,35.0
5933,1.0
5934,47.0
5935,21.0
5936,1.0
5937,7.0
5938,4.0
5939,10.0
5940,1.0
5941,6.0
5942,1.0
5943,1.0
5944,1.0
5945,1.0
5946,1.0
5947,1.0
5948,1.0
5949,1.0
5950,93.0
5951,2.0
5952,2.0
5953,1.0
5954,1.0
5955,30.0
5956,30.0
5957,37.0
5958,3.0
5959,1.0
5960,4.0
5961,1.0
5962,2.0
5963,1.0
5964,2.0
5965,3.0
5966,1.0
5967,2.0
5968,2.0
5969,1.0
5970,5.0
5971,1.0
5972,5.0
5973,439.0
5974,1.0
5975,1.0
5976,1.0
5977,1.0
5978,2578.0
5979,1.0
5980,1.0
5981,3.0
5982,3891.0
5983,4.0
5984,1.0
5985,4.0
5986,1.0
5987,1.0
5988,1.0
5989,15.0
5990,2.0
5991,2023.0
5992,1.0
5993,1.0
5994,25.0
5995,4835.0
5996,1.0
5997,1.0
5998,107.0
5999,1.0
6000,2.0
6001,2.0
6002,11.0
6003,1.0
6004,9.0
6005,1.0
6006,10488.0
6007,1.0
6008,3.0
6009,1.0
6010,107.0
6011,1.0
6012,7.0
6013,6.0
6014,4.0
6015,9.0
6016,569.0
6017,2.0
6018,1.0
6019,1.0
6020,1.0
6021,4700.0
6022,1.0
6023,6.0
6024,1.0
6025,55.0
6026,3.0
6027,2.0
6028,7.0
6029,2.0
6030,1.0
6031,1.0
6032,150.0
6033,1.0
6034,168.0
6035,90.0
6036,1.0
6037,97.0
6038,1.0
6039,1.0
6040,3.0
6041,2.0
6042,1909.0
6043,2.0
6044,2.0
6045,2.0
6046,1.0
6047,13227.0
6048,1.0
6049,1.0
6050,1.0
6051,2.0
6052,18.0
6053,3.0
6054,2.0
6055,1.0
6056,3.0
6057,2.0
6058,4.0
6059,16.0
6060,3.0
6061,5.0
6062,2.0
6063,1.0
6064,102.0
6065,3.0
6066,1.0
6067,1.0
6068,3.0
6069,742.0
6070,5.0
6071,11.0
6072,1.0
6073,1.0
6074,2.0
6075,1.0
6076,1.0
6077,1.0
6078,68.0
6079,1.0
6080,16.0
6081,39.0
6082,1.0
6083,1.0
6084,2.0
6085,4.0
6086,1.0
6087,93.0
6088,2.0
6089,1.0
6090,13.0
6091,2.0
6092,5.0
6093,1.0
6094,1.0
6095,1.0
6096,2.0
6097,1.0
6098,1.0
6099,4.0
6100,107.0
6101,317.0
6102,1.0
6103,1.0
6104,1.0
6105,1.0
6106,4.0
6107,1.0
6108,1.0
6109,2.0
6110,2.0
6111,1.0
6112,1.0
6113,2.0
6114,1.0
6115,1.0
6116,4.0
6117,91.0
6118,1.0
6119,1.0
6120,196.0
6121,6.0
6122,2.0
6123,107.0
6124,16.0
6125,1.0
6126,14.0
6127,2.0
6128,1.0
6129,1.0
6130,4.0
6131,1.0
6132,3.0
6133,9.0
6134,4.0
6135,18.0
6136,1.0
6137,1.0
6138,18.0
6139,25.0
6140,1.0
6141,1.0
6142,2.0
6143,3.0
6144,1.0
6145,2.0
6146,1.0
6147,1.0
6148,1.0
6149,8.0
6150,120.0
6151,6.0
6152,1.0
6153,1.0
6154,124.0
6155,1.0
6156,18.0
6157,2.0
6158,2.0
6159,13.0
6160,1.0
6161,24.0
6162,3.0
6163,30.0
6164,1.0
6165,3.0
6166,1.0
6167,1.0
6168,505.0
6169,32187.0
6170,2.0
6171,2.0
6172,16.0
6173,26.0
6174,21.0
6175,1.0
6176,1.0
6177,1.0
6178,3.0
6179,13.0
6180,1.0
6181,1.0
6182,32.0
6183,1.0
6184,1.0
6185,21.0
6186,1.0
6187,130501.0
6188,4.0
6189,12.0
6190,1.0
6191,1.0
6192,3.0
6193,6.0
6194,1.0
6195,1.0
6196,2.0
6197,2.0
6198,306.0
6199,2.0
6200,505.0
6201,3.0
6202,13.0
6203,2.0
6204,1.0
6205,3.0
6206,8.0
6207,9.0
6208,1.0
6209,8.0
6210,1.0
6211,1.0
6212,33.0
6213,2.0
6214,1.0
6215,3.0
6216,14.0
6217,1.0
6218,2.0
6219,27.0
6220,1.0
6221,1.0
6222,1863.0
6223,2.0
6224,4.0
6225,1.0
6226,2.0
6227,2.0
6228,6.0
6229,7.0
6230,1.0
6231,225.0
6232,2.0
6233,1.0
6234,1.0
6235,4.0
6236,62.0
6237,2070.0
6238,1.0
6239,2.0
6240,12.0
6241,1.0
6242,2.0
6243,1.0
6244,5.0
6245,1.0
6246,27.0
6247,14.0
6248,1.0
6249,1.0
6250,1.0
6251,22.0
6252,47.0
6253,13.0
6254,14.0
6255,31.0
6256,2.0
6257,1.0
6258,1.0
6259,2.0
6260,1.0
6261,1.0
6262,4.0
6263,1.0
6264,1.0
6265,1.0
6266,1.0
6267,3.0
6268,3.0
6269,14.0
6270,1.0
6271,1.0
6272,6509.0
6273,2.0
6274,1.0
6275,1.0
6276,1.0
6277,124.0
6278,2.0
6279,2.0
6280,3.0
6281,1.0
6282,1.0
6283,1.0
6284,862.0
6285,1.0
6286,62455.0
6287,3.0
6288,1.0
6289,4370.0
6290,8.0
6291,1.0
6292,2.0
6293,1.0
6294,107.0
6295,1.0
6296,1.0
6297,1.0
6298,1.0
6299,2.0
6300,377.0
6301,51.0
6302,1.0
6303,1.0
6304,1.0
6305,1.0
6306,11.0
6307,2.0
6308,1.0
6309,1.0
6310,2.0
6311,2.0
6312,1.0
6313,1.0
6314,6.0
6315,2.0
6316,1.0
6317,4909.0
6318,1.0
6319,1.0
6320,1.0
6321,1.0
6322,1.0
6323,1.0
6324,8.0
6325,6.0
6326,2.0
6327,3.0
6328,1.0
6329,1.0
6330,3.0
6331,1.0
6332,5.0
6333,31.0
6334,1.0
6335,1.0
6336,2.0
6337,6.0
6338,14.0
6339,3.0
6340,24.0
6341,5.0
6342,1.0
6343,8.0
6344,9.0
6345,1.0
6346,1.0
6347,1.0
6348,1.0
6349,2.0
6350,1.0
6351,417.0
6352,1.0
6353,1.0
6354,5.0
6355,1.0
6356,802.0
6357,70.0
6358,163.0
6359,3.0
6360,2.0
6361,9.0
6362,1.0
6363,1.0
6364,5.0
6365,4.0
6366,503.0
6367,1.0
6368,1.0
6369,11.0
6370,1.0
6371,4.0
6372,1.0
6373,26.0
6374,1.0
6375,2.0
6376,6.0
6377,7.0
6378,1112.0
6379,25.0
6380,1.0
6381,2.0
6382,1.0
6383,1.0
6384,2.0
6385,1.0
6386,1.0
6387,10.0
6388,2.0
6389,2.0
6390,4.0
6391,1.0
6392,1.0
6393,1.0
6394,1.0
6395,3.0
6396,1.0
6397,1.0
6398,1.0
6399,1.0
6400,1.0
6401,47.0
6402,36.0
6403,2.0
6404,1.0
6405,4.0
6406,8.0
6407,2.0
6408,1.0
6409,44.0
6410,91.0
6411,2.0
6412,10.0
6413,3.0
6414,2.0
6415,1.0
6416,20.0
6417,1.0
6418,1.0
6419,4.0
6420,3.0
6421,1.0
6422,2.0
6423,1.0
6424,1.0
6425,17183.0
6426,1.0
6427,1.0
6428,6.0
6429,1.0
6430,16.0
6431,1.0
6432,4.0
6433,5.0
6434,1.0
6435,6.0
6436,48626.0
6437,1.0
6438,4.0
6439,1.0
6440,1.0
6441,2.0
6442,1.0
6443,453.0
6444,4.0
6445,6.0
6446,1.0
6447,160.0
6448,1.0
6449,1.0
6450,2.0
6451,107.0
6452,1.0
6453,47.0
6454,25.0
6455,53.0
6456,1.0
6457,2.0
6458,14.0
6459,1.0
6460,1.0
6461,1.0
6462,11169.0
6463,2.0
6464,6.0
6465,3.0
6466,45.0
6467,20.0
6468,2.0
6469,6.0
6470,2.0
6471,1.0
6472,9.0
6473,1.0
6474,2.0
6475,91.0
6476,47.0
6477,4.0
6478,1.0
6479,93.0
6480,2.0
6481,4.0
6482,3.0
6483,2.0
6484,1.0
6485,1.0
6486,5.0
6487,1.0
6488,2.0
6489,12.0
6490,14.0
6491,1.0
6492,160.0
6493,2877.0
6494,3.0
6495,1.0
6496,1.0
6497,2.0
6498,1.0
6499,2.0
6500,7.0
6501,225.0
6502,2.0
6503,2136.0
6504,2.0
6505,2.0
6506,3.0
6507,2.0
6508,2.0
6509,2.0
6510,1.0
6511,2.0
6512,5.0
6513,9.0
6514,107.0
6515,2.0
6516,16.0
6517,3.0
6518,2.0
6519,7.0
6520,5247.0
6521,1.0
6522,1.0
6523,344.0
6524,3.0
6525,87.0
6526,9.0
6527,4.0
6528,100.0
6529,6.0
6530,1.0
6531,5.0
6532,97.0
6533,1.0
6534,1.0
6535,1.0
6536,2578.0
6537,4.0
6538,1.0
6539,1.0
6540,4.0
6541,5.0
6542,2.0
6543,864.0
6544,1.0
6545,1.0
6546,814.0
6547,1.0
6548,2.0
6549,5.0
6550,10.0
6551,13.0
6552,5.0
6553,4.0
6554,11.0
6555,1.0
6556,1.0
6557,21.0
6558,1.0
6559,2.0
6560,8.0
6561,1.0
6562,1.0
6563,1.0
6564,44.0
6565,11.0
6566,1.0
6567,1.0
6568,1.0
6569,3.0
6570,1.0
6571,1.0
6572,163.0
6573,3.0
6574,31.0
6575,2578.0
6576,2.0
6577,2.0
6578,1.0
6579,3.0
6580,2.0
6581,20420.0
6582,3.0
6583,1.0
6584,55663.0
6585,1.0
6586,2.0
6587,3.0
6588,1.0
6589,1.0
6590,1.0
6591,2.0
6592,4.0
6593,1.0
6594,2.0
6595,4.0
6596,208.0
6597,29.0
6598,1.0
6599,25.0
6600,8.0
6601,2.0
6602,4.0
6603,8.0
6604,1.0
6605,6.0
6606,2.0
6607,4.0
6608,1.0
6609,1.0
6610,16.0
6611,4.0
6612,9972.0
6613,11415.0
6614,3218.0
6615,1.0
6616,196.0
6617,3.0
6618,1.0
6619,16.0
6620,4.0
6621,7.0
6622,1.0
6623,2.0
6624,1.0
6625,4.0
6626,1.0
6627,104190.0
6628,1.0
6629,4.0
6630,2.0
6631,28.0
6632,1.0
6633,1.0
6634,1.0
6635,2.0
6636,1.0
6637,2.0
6638,2.0
6639,47.0
6640,3.0
6641,2.0
6642,1.0
6643,3.0
6644,55.0
6645,1.0
6646,1.0
6647,25.0
6648,3.0
6649,1.0
6650,1.0
6651,1.0
6652,14.0
6653,1.0
6654,1.0
6655,1.0
6656,3.0
6657,2.0
6658,3.0
6659,3.0
6660,1.0
6661,730.0
6662,1.0
6663,1.0
6664,93.0
6665,1.0
6666,196.0
6667,5.0
6668,5.0
6669,4.0
6670,2.0
6671,1.0
6672,1.0
6673,2.0
6674,7.0
6675,6.0
6676,417.0
6677,1.0
6678,33.0
6679,1.0
6680,3.0
6681,1.0
6682,107.0
6683,1.0
6684,1112.0
6685,10.0
6686,1.0
6687,31.0
6688,51.0
6689,2.0
6690,9.0
6691,163.0
6692,70069.0
6693,1.0
6694,2.0
6695,1.0
6696,1.0
6697,1.0
6698,4.0
6699,1.0
6700,2.0
6701,1.0
6702,5.0
6703,1.0
6704,814.0
6705,3.0
6706,1.0
6707,1.0
6708,2.0
6709,1.0
6710,21.0
6711,11.0
6712,37.0
6713,1.0
6714,138.0
6715,991819.0
6716,2.0
6717,3.0
6718,1.0
6719,3.0
6720,1.0
6721,14.0
6722,14923.0
6723,6.0
6724,1.0
6725,3.0
6726,6.0
6727,91.0
6728,1.0
6729,1.0
6730,9.0
6731,1.0
6732,2.0
6733,11.0
6734,1.0
6735,1.0
6736,1.0
6737,1.0
6738,417.0
6739,1.0
6740,3.0
6741,1.0
6742,1.0
6743,10.0
6744,1.0
6745,8.0
6746,1.0
6747,1159.0
6748,10651.0
6749,1.0
6750,8.0
6751,2.0
6752,1.0
6753,7.0
6754,6.0
6755,6.0
6756,1.0
6757,8.0
6758,1.0
6759,1.0
6760,2.0
6761,8.0
6762,6.0
6763,1.0
6764,1.0
6765,8.0
6766,1.0
6767,2520.0
6768,1.0
6769,5.0
6770,7.0
6771,1.0
6772,6.0
6773,1.0
6774,9.0
6775,11715.0
6776,1.0
6777,12.0
6778,2.0
6779,8.0
6780,4757.0
6781,4.0
6782,1.0
6783,1.0
6784,1.0
6785,1.0
6786,4.0
6787,8.0
6788,1.0
6789,1.0
6790,124.0
6791,1.0
6792,2282.0
6793,1.0
6794,1.0
6795,1.0
6796,4.0
6797,1.0
6798,7.0
6799,13.0
6800,1.0
6801,4.0
6802,2.0
6803,1.0
6804,1.0
6805,9.0
6806,1.0
6807,13.0
6808,163.0
6809,1.0
6810,28.0
6811,1.0
6812,1.0
6813,4.0
6814,24.0
6815,673.0
6816,2.0
6817,1.0
6818,2.0
6819,53.0
6820,1.0
6821,33.0
6822,1.0
6823,2877.0
6824,1.0
6825,3.0
6826,8.0
6827,157.0
6828,31.0
6829,1.0
6830,3.0
6831,2.0
6832,3.0
6833,18.0
6834,10.0
6835,2.0
6836,2.0
6837,1.0
6838,1.0
6839,18.0
6840,1.0
6841,107.0
6842,1.0
6843,2.0
6844,3.0
6845,3.0
6846,3.0
6847,1.0
6848,4.0
6849,1.0
6850,2.0
6851,90.0
6852,2.0
6853,1.0
6854,14.0
6855,1.0
6856,3.0
6857,1.0
6858,2.0
6859,1.0
6860,18.0
6861,1.0
6862,5.0
6863,2.0
6864,1.0
6865,1.0
6866,4.0
6867,35.0
6868,2.0
6869,107.0
6870,5.0
6871,10.0
6872,1.0
6873,2.0
6874,1.0
6875,1.0
6876,4008.0
6877,1.0
6878,2.0
6879,1.0
6880,8.0
6881,1.0
6882,2.0
6883,1.0
6884,6.0
6885,4.0
6886,862.0
6887,1.0
6888,1.0
6889,107.0
6890,1.0
6891,8351.0
6892,1.0
6893,4.0
6894,1.0
6895,107.0
6896,8.0
6897,13.0
6898,2.0
6899,1.0
6900,1.0
6901,1.0
6902,1.0
6903,1.0
6904,1.0
6905,3.0
6906,3.0
6907,1.0
6908,287.0
6909,1.0
6910,1.0
6911,939.0
6912,1.0
6913,7.0
6914,2.0
6915,1.0
6916,2.0
6917,1.0
6918,225.0
6919,93.0
6920,1.0
6921,1.0
6922,3773.0
6923,3.0
6924,2578.0
6925,31.0
6926,7.0
6927,1.0
6928,7.0
6929,107.0
6930,1.0
6931,771.0
6932,10.0
6933,10.0
6934,12.0
6935,1.0
6936,1.0
6937,1.0
6938,2.0
6939,1.0
6940,1.0
6941,1.0
6942,1.0
6943,6.0
6944,33.0
6945,1.0
6946,46.0
6947,2.0
6948,1.0
6949,1.0
6950,1.0
6951,2.0
6952,6.0
6953,28.0
6954,1.0
6955,1.0
6956,3.0
6957,3.0
6958,9972.0
6959,1.0
6960,2.0
6961,2578.0
6962,2.0
6963,124.0
6964,2.0
6965,2.0
6966,417.0
6967,4448.0
6968,85.0
6969,4.0
6970,7.0
6971,1.0
6972,1.0
6973,1.0
6974,16.0
6975,862.0
6976,1.0
6977,25.0
6978,51.0
6979,2.0
6980,1.0
6981,6.0
6982,16.0
6983,8.0
6984,19.0
6985,1.0
6986,30.0
6987,1.0
6988,1.0
6989,77.0
6990,9972.0
6991,2.0
6992,3.0
6993,6.0
6994,6.0
6995,1.0
6996,5.0
6997,1.0
6998,1.0
6999,1.0
7000,10.0
7001,6.0
7002,1.0
7003,1.0
7004,1.0
7005,1.0
7006,10.0
7007,862.0
7008,296.0
7009,4.0
7010,1.0
7011,2136.0
7012,7.0
7013,2.0
7014,3.0
7015,9333.0
7016,6.0
7017,1.0
7018,5.0
7019,2.0
7020,107.0
7021,1.0
7022,4.0
7023,1.0
7024,10.0
7025,2.0
7026,1.0
7027,4.0
7028,1.0
7029,683.0
7030,2.0
7031,1.0
7032,2.0
7033,3.0
7034,1.0
7035,1.0
7036,9.0
7037,1754.0
7038,194.0
7039,14.0
7040,4.0
7041,1.0
7042,33.0
7043,1.0
7044,59.0
7045,36.0
7046,2.0
7047,4.0
7048,20.0
7049,7.0
7050,1.0
7051,2877.0
7052,4.0
7053,1.0
7054,1.0
7055,8.0
7056,6.0
7057,11.0
7058,39.0
7059,1.0
7060,505.0
7061,2.0
7062,1.0
7063,1.0
7064,3.0
7065,2.0
7066,1346.0
7067,3.0
7068,27.0
7069,3.0
7070,4.0
7071,864.0
7072,1.0
7073,31.0
7074,2.0
7075,3.0
7076,1.0
7077,1.0
7078,1.0
7079,304244.0
7080,39.0
7081,5.0
7082,1.0
7083,2.0
7084,2.0
7085,26.0
7086,6.0
7087,1.0
7088,4792.0
7089,1.0
7090,2.0
7091,1.0
7092,6.0
7093,1.0
7094,2.0
7095,3.0
7096,6.0
7097,1.0
7098,2.0
7099,1.0
7100,2.0
7101,1.0
7102,2.0
7103,1754.0
7104,1.0
7105,2.0
7106,1.0
7107,2.0
7108,1.0
7109,1.0
7110,2.0
7111,1.0
7112,1.0
7113,14.0
7114,1.0
7115,5.0
7116,1.0
7117,93.0
7118,1.0
7119,1.0
7120,1.0
7121,2.0
7122,1.0
7123,1.0
7124,4.0
7125,1.0
7126,2.0
7127,10.0
7128,1.0
7129,1462.0
7130,1.0
7131,40.0
7132,1.0
7133,1.0
7134,27.0
7135,2.0
7136,2.0
7137,175.0
7138,10.0
7139,33.0
7140,7.0
7141,3.0
7142,2.0
7143,14.0
7144,5.0
7145,1.0
7146,6.0
7147,2.0
7148,1.0
7149,9.0
7150,1.0
7151,31.0
7152,2578.0
7153,2.0
7154,1.0
7155,2.0
7156,5.0
7157,5.0
7158,1.0
7159,13.0
7160,1.0
7161,862.0
7162,1.0
7163,4.0
7164,1.0
7165,18.0
7166,10.0
7167,1.0
7168,3.0
7169,3.0
7170,53.0
7171,2.0
7172,1.0
7173,1.0
7174,5.0
7175,1.0
7176,3.0
7177,1.0
7178,1.0
7179,1.0
7180,2.0
7181,1.0
7182,2.0
7183,1.0
7184,1.0
7185,1.0
7186,1.0
7187,3.0
7188,1.0
7189,23.0
7190,3.0
7191,1.0
7192,1.0
7193,1.0
7194,4.0
7195,6.0
7196,2.0
7197,3.0
7198,1.0
7199,24.0
7200,15.0
7201,1.0
7202,2.0
7203,814.0
7204,1.0
7205,2.0
7206,12.0
7207,1.0
7208,1.0
7209,1.0
7210,1.0
7211,1.0
7212,1.0
7213,1.0
7214,107.0
7215,1.0
7216,55.0
7217,10.0
7218,3.0
7219,1.0
7220,225.0
7221,1.0
7222,2.0
7223,1.0
7224,1.0
7225,2.0
7226,1.0
7227,1833.0
7228,1.0
7229,1.0
7230,1.0
7231,119.0
7232,1.0
7233,1.0
7234,1.0
7235,168.0
7236,38.0
7237,1.0
7238,1.0
7239,1.0
7240,2.0
7241,25.0
7242,1.0
7243,2.0
7244,1.0
7245,1.0
7246,1.0
7247,1.0
7248,18.0
7249,8.0
7250,2.0
7251,160.0
7252,21.0
7253,2.0
7254,13.0
7255,1.0
7256,1.0
7257,8.0
7258,5.0
7259,4.0
7260,1.0
7261,1.0
7262,1.0
7263,2.0
7264,1.0
7265,1.0
7266,1.0
7267,47.0
7268,2.0
7269,2.0
7270,4.0
7271,1.0
7272,8.0
7273,2469.0
7274,4.0
7275,1.0
7276,2.0
7277,6.0
7278,37.0
7279,16.0
7280,1.0
7281,33.0
7282,5.0
7283,1.0
7284,107.0
7285,107.0
7286,1.0
7287,2.0
7288,2.0
7289,3.0
7290,1.0
7291,1.0
7292,14.0
7293,771.0
7294,6.0
7295,26.0
7296,8.0
7297,1.0
7298,3.0
7299,1.0
7300,2.0
7301,6.0
7302,1.0
7303,1.0
7304,2.0
7305,1.0
7306,1.0
7307,9.0
7308,1.0
7309,2.0
7310,39.0
7311,1.0
7312,1.0
7313,2.0
7314,124.0
7315,12.0
7316,1.0
7317,1.0
7318,1.0
7319,2.0
7320,1.0
7321,1.0
7322,1.0
7323,1.0
7324,5.0
7325,1.0
7326,1.0
7327,1.0
7328,1.0
7329,1.0
7330,3.0
7331,1.0
7332,1.0
7333,6.0
7334,1.0
7335,1.0
7336,1.0
7337,14.0
7338,1.0
7339,1.0
7340,686.0
7341,2.0
7342,1.0
7343,1.0
7344,1.0
7345,2.0
7346,2.0
7347,4.0
7348,6.0
7349,1.0
7350,33.0
7351,1.0
7352,71.0
7353,1.0
7354,1.0
7355,1.0
7356,1.0
7357,2.0
7358,4.0
7359,10.0
7360,2.0
7361,1.0
7362,1.0
7363,3.0
7364,2.0
7365,6.0
7366,233522.0
7367,3.0
7368,1.0
7369,2.0
7370,3.0
7371,6.0
7372,1.0
7373,1.0
7374,1.0
7375,2.0
7376,1.0
7377,1.0
7378,5.0
7379,2.0
7380,3.0
7381,1.0
7382,1.0
7383,34.0
7384,2.0
7385,3.0
7386,1.0
7387,1.0
7388,174.0
7389,2.0
7390,1.0
7391,2.0
7392,2.0
7393,2.0
7394,8351.0
7395,5.0
7396,51.0
7397,1.0
7398,2.0
7399,1.0
7400,1.0
7401,2.0
7402,9.0
7403,88.0
7404,3.0
7405,1.0
7406,2.0
7407,4.0
7408,1.0
7409,9.0
7410,3.0
7411,35894.0
7412,2.0
7413,2.0
7414,1.0
7415,11.0
7416,453.0
7417,1.0
7418,1.0
7419,9.0
7420,18.0
7421,2.0
7422,1.0
7423,3.0
7424,1.0
7425,292.0
7426,6.0
7427,1.0
7428,1.0
7429,1.0
7430,4.0
7431,2.0
7432,8.0
7433,1.0
7434,1.0
7435,385.0
7436,2.0
7437,51.0
7438,1.0
7439,1.0
7440,18.0
7441,3.0
7442,1.0
7443,6.0
7444,3.0
7445,1.0
7446,1540.0
7447,1.0
7448,1.0
7449,1.0
7450,2.0
7451,1.0
7452,6.0
7453,9.0
7454,4.0
7455,1.0
7456,2.0
7457,1.0
7458,1.0
7459,21.0
7460,1.0
7461,1.0
7462,5.0
7463,1.0
7464,39.0
7465,1.0
7466,3.0
7467,3008.0
7468,104.0
7469,1.0
7470,7.0
7471,2.0
7472,7.0
7473,5.0
7474,1.0
7475,13.0
7476,6.0
7477,1.0
7478,4.0
7479,1.0
7480,1.0
7481,1.0
7482,2.0
7483,4.0
7484,2.0
7485,862.0
7486,2.0
7487,1.0
7488,1.0
7489,20.0
7490,17.0
7491,12.0
7492,22.0
7493,1.0
7494,1.0
7495,1.0
7496,124.0
7497,27.0
7498,2.0
7499,1.0
7500,2.0
7501,2.0
7502,1.0
7503,1.0
7504,16.0
7505,152.0
7506,6.0
7507,2.0
7508,9.0
7509,1.0
7510,5.0
7511,1.0
7512,13.0
7513,21.0
7514,2.0
7515,1.0
7516,49.0
7517,163.0
7518,120.0
7519,1.0
7520,163.0
7521,814.0
7522,14398.0
7523,16.0
7524,2.0
7525,2.0
7526,2.0
7527,2.0
7528,1.0
7529,1.0
7530,1.0
7531,7.0
7532,1.0
7533,38579.0
7534,14.0
7535,3296.0
7536,2.0
7537,124.0
7538,22646.0
7539,1.0
7540,93.0
7541,1.0
7542,1.0
7543,2.0
7544,1.0
7545,5.0
7546,1.0
7547,1.0
7548,36773.0
7549,1.0
7550,6.0
7551,8.0
7552,1.0
7553,11.0
7554,13.0
7555,3.0
7556,296.0
7557,1.0
7558,1.0
7559,55.0
7560,1.0
7561,1.0
7562,2.0
7563,13.0
7564,33.0
7565,1.0
7566,5584.0
7567,2.0
7568,37.0
7569,1.0
7570,2.0
7571,1.0
7572,1.0
7573,107.0
7574,9.0
7575,2.0
7576,8351.0
7577,3.0
7578,2136.0
7579,5.0
7580,1.0
7581,47.0
7582,2.0
7583,1.0
7584,579.0
7585,2.0
7586,1.0
7587,12.0
7588,1.0
7589,2.0
7590,2.0
7591,1.0
7592,1.0
7593,3.0
7594,6.0
7595,1.0
7596,7.0
7597,7.0
7598,1.0
7599,1.0
7600,39.0
7601,107.0
7602,4909.0
7603,2.0
7604,14259.0
7605,1.0
7606,160.0
7607,1.0
7608,2.0
7609,27.0
7610,14.0
7611,32.0
7612,6.0
7613,16299.0
7614,1.0
7615,93.0
7616,91.0
7617,12.0
7618,1.0
7619,5.0
7620,1.0
7621,2.0
7622,24.0
7623,13.0
7624,1.0
7625,20.0
7626,2.0
7627,3.0
7628,1.0
7629,3.0
7630,1.0
7631,1.0
7632,2.0
7633,1.0
7634,2.0
7635,3.0
7636,1.0
7637,1.0
7638,19.0
7639,1.0
7640,1.0
7641,8.0
7642,2.0
7643,1.0
7644,1.0
7645,95.0
7646,1.0
7647,80.0
7648,5.0
7649,3.0
7650,1.0
7651,2.0
7652,9.0
7653,3.0
7654,1.0
7655,3.0
7656,6.0
7657,1.0
7658,367.0
7659,4.0
7660,1.0
7661,10.0
7662,4.0
7663,1.0
7664,59.0
7665,266469.0
7666,22.0
7667,1.0
7668,1.0
7669,1.0
7670,2.0
7671,2.0
7672,2.0
7673,3.0
7674,1.0
7675,1.0
7676,2.0
7677,1.0
7678,1.0
7679,9.0
7680,505.0
7681,2.0
7682,47.0
7683,1.0
7684,1.0
7685,1.0
7686,1.0
7687,8.0
7688,37.0
7689,5.0
7690,1.0
7691,2.0
7692,2877.0
7693,1.0
7694,12.0
7695,13.0
7696,13.0
7697,1.0
7698,1.0
7699,5.0
7700,14.0
7701,1.0
7702,1.0
7703,1.0
7704,1.0
7705,1.0
7706,1.0
7707,4.0
7708,1.0
7709,1.0
7710,2.0
7711,1.0
7712,2.0
7713,7.0
7714,2.0
7715,1.0
7716,1.0
7717,8.0
7718,2.0
7719,10.0
7720,1.0
7721,2.0
7722,1.0
7723,1.0
7724,1.0
7725,2.0
7726,1.0
7727,18.0
7728,2.0
7729,2.0
7730,4.0
7731,93.0
7732,41.0
7733,1.0
7734,1.0
7735,1.0
7736,3.0
7737,1.0
7738,49.0
7739,13227.0
7740,2.0
7741,2.0
7742,22.0
7743,1.0
7744,1.0
7745,1.0
7746,3.0
7747,1.0
7748,1.0
7749,1.0
7750,2.0
7751,7.0
7752,3.0
7753,38.0
7754,1.0
7755,2.0
7756,1.0
7757,1.0
7758,1.0
7759,1.0
7760,1.0
7761,1.0
7762,1.0
7763,2578.0
7764,107.0
7765,1.0
7766,5.0
7767,1.0
7768,1.0
7769,39.0
7770,1.0
7771,2.0
7772,862.0
7773,95.0
7774,1.0
7775,1.0
7776,1.0
7777,20.0
7778,7.0
7779,4.0
7780,2.0
7781,1.0
7782,20.0
7783,1.0
7784,1.0
7785,27.0
7786,722.0
7787,1.0
7788,1.0
7789,6.0
7790,4.0
7791,13.0
7792,2.0
7793,15.0
7794,70069.0
7795,25.0
7796,2.0
7797,1.0
7798,1.0
7799,1.0
7800,6.0
7801,93.0
7802,2.0
7803,4.0
7804,1478.0
7805,1.0
7806,1.0
7807,13.0
7808,2.0
7809,1.0
7810,4.0
7811,2.0
7812,2.0
7813,24.0
7814,4.0
7815,1.0
7816,1.0
7817,1.0
7818,2.0
7819,3.0
7820,1.0
7821,4.0
7822,1.0
7823,1.0
7824,1.0
7825,5.0
7826,2578.0
7827,1.0
7828,1.0
7829,18.0
7830,1.0
7831,2.0
7832,1.0
7833,1.0
7834,1.0
7835,1.0
7836,1.0
7837,2.0
7838,1.0
7839,2.0
7840,1.0
7841,15.0
7842,51.0
7843,1.0
7844,16299.0
7845,1.0
7846,6872.0
7847,2.0
7848,2.0
7849,111.0
7850,1.0
7851,35894.0
7852,1.0
7853,1.0
7854,2.0
7855,12.0
7856,3.0
7857,1.0
7858,7.0
7859,3.0
7860,581.0
7861,1.0
7862,723.0
7863,385.0
7864,2.0
7865,4.0
7866,1.0
7867,1.0
7868,2.0
7869,1.0
7870,37.0
7871,5.0
7872,76.0
7873,2.0
7874,2.0
7875,11.0
7876,21.0
7877,5.0
7878,1.0
7879,2.0
7880,2.0
7881,2.0
7882,3.0
7883,2.0
7884,1.0
7885,1.0
7886,47.0
7887,2.0
7888,2.0
7889,1.0
7890,4.0
7891,1.0
7892,1.0
7893,2.0
7894,11.0
7895,8.0
7896,2.0
7897,1.0
7898,7.0
7899,1.0
7900,1.0
7901,1.0
7902,5.0
7903,1.0
7904,2.0
7905,1.0
7906,5.0
7907,33.0
7908,4.0
7909,1.0
7910,2.0
7911,2.0
7912,1.0
7913,93.0
7914,3.0
7915,107.0
7916,1.0
7917,1.0
7918,1.0
7919,6.0
7920,1.0
7921,6.0
7922,4.0
7923,1.0
7924,1.0
7925,8.0
7926,1.0
7927,1.0
7928,1.0
7929,1.0
7930,1.0
7931,2.0
7932,5.0
7933,3.0
7934,1.0
7935,1.0
7936,1.0
7937,1.0
7938,2.0
7939,1.0
7940,9.0
7941,2.0
7942,3.0
7943,1.0
7944,1.0
7945,4.0
7946,1.0
7947,2.0
7948,256.0
7949,1.0
7950,1.0
7951,1.0
7952,1.0
7953,1.0
7954,1.0
7955,6.0
7956,1.0
7957,1.0
7958,2.0
7959,37.0
7960,3.0
7961,2.0
7962,1.0
7963,10.0
7964,1.0
7965,17.0
7966,2.0
7967,8.0
7968,1.0
7969,9.0
7970,9333.0
7971,1.0
7972,4.0
7973,2.0
7974,1.0
7975,686.0
7976,18.0
7977,10.0
7978,4.0
7979,7.0
7980,116.0
7981,1.0
7982,3.0
7983,4.0
7984,9.0
7985,3151.0
7986,45.0
7987,2.0
7988,2039.0
7989,4.0
7990,1.0
7991,2469.0
7992,1.0
7993,4336.0
7994,1.0
7995,1.0
7996,3.0
7997,12.0
7998,1.0
7999,4.0
8000,4.0
8001,1.0
8002,4792.0
8003,31.0
8004,4.0
8005,1.0
8006,2.0
8007,1.0
8008,12.0
8009,3.0
8010,2.0
8011,28.0
8012,1.0
8013,12.0
8014,4.0
8015,2.0
8016,8.0
8017,22.0
8018,1.0
8019,12.0
8020,1.0
8021,32.0
8022,1.0
8023,3.0
8024,12.0
8025,6.0
8026,2.0
8027,3.0
8028,7.0
8029,12249.0
8030,6090.0
8031,1.0
8032,2578.0
8033,1.0
8034,5.0
8035,1.0
8036,1.0
8037,380.0
8038,1.0
8039,58.0
8040,1.0
8041,1.0
8042,1.0
8043,1.0
8044,1.0
8045,1.0
8046,1.0
8047,1.0
8048,29.0
8049,3.0
8050,7.0
8051,6.0
8052,3.0
8053,1.0
8054,12.0
8055,13.0
8056,27.0
8057,6.0
8058,7.0
8059,3.0
8060,7.0
8061,6.0
8062,1.0
8063,3.0
8064,1.0
8065,1.0
8066,4.0
8067,2.0
8068,67.0
8069,1.0
8070,4.0
8071,1.0
8072,1.0
8073,6.0
8074,1.0
8075,1.0
8076,4.0
8077,3.0
8078,1.0
8079,3.0
8080,2.0
8081,2.0
8082,2.0
8083,20.0
8084,14.0
8085,7.0
8086,1.0
8087,4022.0
8088,4.0
8089,1.0
8090,1.0
8091,19.0
8092,4.0
8093,2.0
8094,1.0
8095,1.0
8096,1.0
8097,17183.0
8098,3.0
8099,1.0
8100,8351.0
8101,5.0
8102,4835.0
8103,1.0
8104,2.0
8105,9936.0
8106,1.0
8107,1.0
8108,3.0
8109,1.0
8110,33.0
8111,4.0
8112,770.0
8113,14.0
8114,169.0
8115,2.0
8116,1.0
8117,1.0
8118,3.0
8119,1.0
8120,453.0
8121,1.0
8122,1.0
8123,1.0
8124,1.0
8125,23.0
8126,1.0
8127,1.0
8128,22.0
8129,2.0
8130,7.0
8131,1.0
8132,913.0
8133,1.0
8134,1.0
8135,1.0
8136,225.0
8137,3.0
8138,3.0
8139,814.0
8140,295.0
8141,3.0
8142,1.0
8143,1.0
8144,2.0
8145,1.0
8146,17.0
8147,1.0
8148,37.0
8149,14.0
8150,2.0
8151,1.0
8152,1.0
8153,3.0
8154,1.0
8155,1.0
8156,1.0
8157,2.0
8158,107.0
8159,1.0
8160,26.0
8161,273.0
8162,1.0
8163,1.0
8164,4.0
8165,14.0
8166,3.0
8167,1.0
8168,5.0
8169,4.0
8170,1.0
8171,1.0
8172,2118.0
8173,88.0
8174,1.0
8175,1.0
8176,771.0
8177,1.0
8178,1.0
8179,1.0
8180,1.0
8181,93.0
8182,27.0
8183,1.0
8184,107.0
8185,1.0
8186,120.0
8187,1.0
8188,5.0
8189,4.0
8190,26.0
8191,2.0
8192,1.0
8193,1.0
8194,1.0
8195,24.0
8196,10651.0
8197,1.0
8198,1.0
8199,8.0
8200,1.0
8201,3.0
8202,1.0
8203,196.0
8204,124.0
8205,11.0
8206,65.0
8207,1.0
8208,49.0
8209,47.0
8210,1200.0
8211,1.0
8212,28.0
8213,36.0
8214,3.0
8215,1.0
8216,1.0
8217,1.0
8218,39732.0
8219,1.0
8220,124.0
8221,3.0
8222,1.0
8223,196.0
8224,439.0
8225,1349.0
8226,1.0
8227,91.0
8228,5.0
8229,2.0
8230,107.0
8231,1.0
8232,1.0
8233,2.0
8234,31.0
8235,3.0
8236,439.0
8237,1.0
8238,417.0
8239,5.0
8240,20420.0
8241,5.0
8242,93.0
8243,1.0
8244,6.0
8245,1.0
8246,2.0
8247,11.0
8248,7.0
8249,1.0
8250,1.0
8251,2.0
8252,5.0
8253,2.0
8254,22.0
8255,22.0
8256,2.0
8257,1.0
8258,4.0
8259,2.0
8260,1.0
8261,2.0
8262,417.0
8263,10.0
8264,832.0
8265,1.0
8266,22.0
8267,6.0
8268,1.0
8269,124.0
8270,59.0
8271,6.0
8272,3.0
8273,3.0
8274,1.0
8275,1.0
8276,2.0
8277,680.0
8278,1.0
8279,1.0
8280,6.0
8281,17655.0
8282,11.0
8283,60.0
8284,3.0
8285,1.0
8286,2.0
8287,3.0
8288,4.0
8289,6.0
8290,1.0
8291,14.0
8292,1.0
8293,27.0
8294,1.0
8295,1.0
8296,3.0
8297,5.0
8298,1.0
8299,864.0
8300,8.0
8301,1.0
8302,1.0
8303,2.0
8304,2.0
8305,1.0
8306,4.0
8307,1.0
8308,1.0
8309,9936.0
8310,1.0
8311,1.0
8312,1.0
8313,9.0
8314,2.0
8315,1.0
8316,1.0
8317,1.0
8318,12.0
8319,2.0
8320,1.0
8321,1.0
8322,2.0
8323,1.0
8324,2.0
8325,1.0
8326,2.0
8327,5.0
8328,1.0
8329,3.0
8330,1.0
8331,3.0
8332,1.0
8333,1.0
8334,1.0
8335,2.0
8336,2.0
8337,160.0
8338,1.0
8339,4.0
8340,1.0
8341,2.0
8342,1.0
8343,1346.0
8344,1.0
8345,1.0
8346,1.0
8347,13.0
8348,1.0
8349,1.0
8350,107.0
8351,2.0
8352,5.0
8353,1.0
8354,14.0
8355,2.0
8356,1.0
8357,1.0
8358,4.0
8359,51.0
8360,3.0
8361,8.0
8362,4.0
8363,1.0
8364,2.0
8365,2.0
8366,4.0
8367,1.0
8368,6.0
8369,5.0
8370,8.0
8371,1.0
8372,2.0
8373,107.0
8374,2.0
8375,3.0
8376,8.0
8377,1.0
8378,36.0
8379,68.0
8380,1.0
8381,4.0
8382,1.0
8383,14.0
8384,1.0
8385,1.0
8386,7.0
8387,1.0
8388,1.0
8389,1.0
8390,1.0
8391,1.0
8392,1.0
8393,194.0
8394,417.0
8395,1.0
8396,1.0
8397,1.0
8398,3.0
8399,1.0
8400,1.0
8401,21.0
8402,2.0
8403,36.0
8404,1.0
8405,1.0
8406,1.0
8407,3.0
8408,138.0
8409,7.0
8410,6.0
8411,48.0
8412,1.0
8413,2.0
8414,1.0
8415,2.0
8416,4.0
8417,3.0
8418,1.0
8419,3.0
8420,1.0
8421,2.0
8422,7.0
8423,47.0
8424,1.0
8425,2.0
8426,1.0
8427,1.0
8428,296.0
8429,1.0
8430,4.0
8431,3.0
8432,22.0
8433,2.0
8434,1.0
8435,4.0
8436,3.0
8437,2.0
8438,5.0
8439,1.0
8440,3.0
8441,3.0
8442,22.0
8443,1.0
8444,2.0
8445,21.0
8446,8.0
8447,1.0
8448,494.0
8449,372.0
8450,78.0
8451,18.0
8452,1.0
8453,4.0
8454,6.0
8455,2.0
8456,1.0
8457,1.0
8458,1.0
8459,1.0
8460,1155.0
8461,1.0
8462,5.0
8463,1.0
8464,2.0
8465,2.0
8466,8.0
8467,2.0
8468,22.0
8469,1200.0
8470,1.0
8471,6.0
8472,1.0
8473,8.0
8474,1.0
8475,1.0
8476,1.0
8477,1.0
8478,6.0
8479,292.0
8480,1.0
8481,1.0
8482,2.0
8483,1.0
8484,33.0
8485,1.0
8486,9.0
8487,1.0
8488,1.0
8489,3.0
8490,1.0
8491,1.0
8492,7.0
8493,1.0
8494,1.0
8495,91.0
8496,10.0
8497,1.0
8498,2.0
8499,417.0
8500,1.0
8501,7.0
8502,2.0
8503,8.0
8504,36.0
8505,1.0
8506,163.0
8507,3.0
8508,4.0
8509,1.0
8510,1.0
8511,2.0
8512,1.0
8513,1.0
8514,3.0
8515,8.0
8516,21.0
8517,2.0
8518,1.0
8519,1.0
8520,4.0
8521,1.0
8522,1.0
8523,1.0
8524,1.0
8525,7.0
8526,9.0
8527,1.0
8528,1.0
8529,12.0
8530,2.0
8531,1.0
8532,1.0
8533,2.0
8534,2.0
8535,2.0
8536,1.0
8537,9.0
8538,2.0
8539,8.0
8540,2.0
8541,3.0
8542,6.0
8543,1.0
8544,1.0
8545,1.0
8546,2.0
8547,1.0
8548,583.0
